D0Rec:,Command229,0b11100101,44.2115838
D0Rec:,Command229,0b11100101,49.3692849
D0Rec:,Command229,0b11100101,57.4860807
D0Rec:,Command0,0b0,65.4544397
D0Rec:,Command1,0b1,69.3981878
D0Rec:,Command2,0b10,73.1916054
D0Rec:,Command3,0b11,77.1793552
D0Rec:,Command4,0b100,81.177747
D0Rec:,Command5,0b101,85.2261255
D0Rec:,Command6,0b110,89.2053328
D0Rec:,Command7,0b111,93.1974139
D0Rec:,Command8,0b1000,97.210118
D0Rec:,Command9,0b1001,101.2510248
D0Rec:,Command10,0b1010,105.2135872
D0Rec:,Command11,0b1011,109.2368162
D0Rec:,Command12,0b1100,113.2799062
D0Rec:,Command13,0b1101,117.27781
D0Rec:,Command14,0b1110,121.2269245
D0Rec:,Command15,0b1111,125.3127074
D0Rec:,Command16,0b10000,129.3308605
D0Rec:,Command17,0b10001,133.2981021
D0Rec:,Command18,0b10010,137.2996877
D0Rec:,Command19,0b10011,141.3127716
D0Rec:,Command20,0b10100,145.3200183
D0Rec:,Command21,0b10101,149.3660253
D0Rec:,Command22,0b10110,153.3410781
D0Rec:,Command23,0b10111,157.3176625
D0Rec:,Command24,0b11000,161.3607394
D0Rec:,Command25,0b11001,165.3402577
D0Rec:,Command26,0b11010,169.3849981
D0Rec:,Command27,0b11011,173.383373
D0Rec:,Command28,0b11100,177.3680844
D0Rec:,Command29,0b11101,181.3984712
D0Rec:,Command30,0b11110,185.3814104
D0Rec:,Command31,0b11111,189.4011688
D0Rec:,Command32,0b100000,193.4332518
D0Rec:,Command33,0b100001,197.4101643
D0Rec:,Command34,0b100010,201.4728113
D0Rec:,Command35,0b100011,205.3938911
D0Rec:,Command36,0b100100,209.4202274
D0Rec:,Command37,0b100101,213.5320495
D0Rec:,Command38,0b100110,217.4568166
D0Rec:,Command39,0b100111,221.514893
D0Rec:,Command40,0b101000,225.4852784
D0Rec:,Command41,0b101001,229.5529088
D0Rec:,Command42,0b101010,233.4714955
D0Rec:,Command43,0b101011,237.527905
D0Rec:,Command44,0b101100,241.5960079
D0Rec:,Command45,0b101101,245.5458141
D0Rec:,Command46,0b101110,249.5461897
D0Rec:,Command47,0b101111,253.539414
D0Rec:,Command48,0b110000,257.6079566
D0Rec:,Command49,0b110001,261.5605239
D0Rec:,Command50,0b110010,265.548279
D0Rec:,Command51,0b110011,269.5142178
D0Rec:,Command52,0b110100,273.5876625
D0Rec:,Command53,0b110101,277.584362
D0Rec:,Command54,0b110110,281.5760839
D0Rec:,Command55,0b110111,285.6834044
D0Rec:,Command56,0b111000,289.5923592
D0Rec:,Command57,0b111001,293.6509556
D0Rec:,Command58,0b111010,297.6092493
D0Rec:,Command59,0b111011,301.648028
D0Rec:,Command60,0b111100,305.6667245
D0Rec:,Command61,0b111101,309.621737
D0Rec:,Command62,0b111110,313.6527944
D0Rec:,Command63,0b111111,317.712293
D0Rec:,Command64,0b1000000,321.6647897
D0Rec:,Command65,0b1000001,325.68936
D0Rec:,Command66,0b1000010,329.6547863
D0Rec:,Command67,0b1000011,333.7408371
D0Rec:,Command68,0b1000100,337.7126518
D0Rec:,Command69,0b1000101,341.7013316
D0Rec:,Command70,0b1000110,345.6905201
D0Rec:,Command71,0b1000111,349.6925762
D0Rec:,Command72,0b1001000,353.8154204
D0Rec:,Command73,0b1001001,357.7508346
D0Rec:,Command74,0b1001010,361.738609
D0Rec:,Command75,0b1001011,365.781304
D0Rec:,Command76,0b1001100,369.7834836
D0Rec:,Command77,0b1001101,373.7899709
D0Rec:,Command78,0b1001110,377.7920771
D0Rec:,Command79,0b1001111,381.8335457
D0Rec:,Command80,0b1010000,385.8272191
D0Rec:,Command81,0b1010001,389.8488798
D0Rec:,Command82,0b1010010,393.8629514
D0Rec:,Command83,0b1010011,397.8414693
D0Rec:,Command84,0b1010100,401.852259
D0Rec:,Command85,0b1010101,405.8296429
D0Rec:,Command86,0b1010110,409.8349658
D0Rec:,Command87,0b1010111,413.8500468
D0Rec:,Command88,0b1011000,417.9040299
D0Rec:,Command89,0b1011001,421.8598414
D0Rec:,Command90,0b1011010,425.8884937
D0Rec:,Command91,0b1011011,429.9362529
D0Rec:,Command92,0b1011100,433.872302
D0Rec:,Command93,0b1011101,437.9290836
D0Rec:,Command94,0b1011110,441.9828
D0Rec:,Command95,0b1011111,445.9166227
D0Rec:,Command96,0b1100000,449.9543601
D0Rec:,Command97,0b1100001,453.9770874
D0Rec:,Command98,0b1100010,457.9702093
D0Rec:,Command99,0b1100011,461.9547436
D0Rec:,Command100,0b1100100,465.991115
D0Rec:,Command101,0b1100101,470.0097452
D0Rec:,Command102,0b1100110,473.9937263
D0Rec:,Command103,0b1100111,478.0391848
D0Rec:,Command104,0b1101000,482.0713481
D0Rec:,Command105,0b1101001,485.9915003
D0Rec:,Command106,0b1101010,490.0431995
D0Rec:,Command107,0b1101011,494.0694967
D0Rec:,Command108,0b1101100,498.0196012
D0Rec:,Command109,0b1101101,502.0798674
D0Rec:,Command110,0b1101110,506.0708186
D0Rec:,Command111,0b1101111,510.0480526
D0Rec:,Command112,0b1110000,514.0879832
D0Rec:,Command113,0b1110001,518.128383
D0Rec:,Command114,0b1110010,522.0609629
D0Rec:,Command115,0b1110011,526.034297
D0Rec:,Command116,0b1110100,530.1479601
D0Rec:,Command117,0b1110101,534.0665552
D0Rec:,Command118,0b1110110,538.1354309
D0Rec:,Command119,0b1110111,542.1278642
D0Rec:,Command120,0b1111000,546.1138677
D0Rec:,Command121,0b1111001,550.1701735
D0Rec:,Command122,0b1111010,554.1612132
D0Rec:,Command123,0b1111011,558.2266714
D0Rec:,Command124,0b1111100,562.1629936
D0Rec:,Command125,0b1111101,566.1664265
D0Rec:,Command126,0b1111110,570.1616445
D0Rec:,Command127,0b1111111,574.1812885
D0Rec:,Command128,0b10000000,578.2370481
D0Rec:,Command129,0b10000001,582.1580724
D0Rec:,Command130,0b10000010,586.2188031
D0Rec:,Command131,0b10000011,590.231912
D0Rec:,Command132,0b10000100,594.1818451
D0Rec:,Command133,0b10000101,598.244239
D0Rec:,Command134,0b10000110,602.2218426
D0Rec:,Command135,0b10000111,606.2339317
D0Rec:,Command136,0b10001000,610.3408918
D0Rec:,Command137,0b10001001,614.2941206
D0Rec:,Command138,0b10001010,618.2624781
D0Rec:,Command139,0b10001011,622.2873731
D0Rec:,Command140,0b10001100,626.2801396
D0Rec:,Command141,0b10001101,630.3188001
D0Rec:,Command142,0b10001110,634.3017996
D0Rec:,Command143,0b10001111,638.3329616
D0Rec:,Command144,0b10010000,642.2839328
D0Rec:,Command145,0b10010001,646.3401774
D0Rec:,Command146,0b10010010,650.3595883
D0Rec:,Command147,0b10010011,654.3683341
D0Rec:,Command148,0b10010100,658.3430752
D0Rec:,Command149,0b10010101,662.3730749
D0Rec:,Command150,0b10010110,666.4016111
D0Rec:,Command151,0b10010111,670.3620168
D0Rec:,Command152,0b10011000,674.4220646
D0Rec:,Command153,0b10011001,678.3922583
D0Rec:,Command154,0b10011010,682.4116621
D0Rec:,Command155,0b10011011,686.3985092
D0Rec:,Command156,0b10011100,690.4577687
D0Rec:,Command157,0b10011101,694.4170048
D0Rec:,Command158,0b10011110,698.477398
D0Rec:,Command159,0b10011111,702.5208108
D0Rec:,Command160,0b10100000,706.5162876
D0Rec:,Command161,0b10100001,710.4707814
D0Rec:,Command162,0b10100010,714.5059773
D0Rec:,Command163,0b10100011,718.5318304
D0Rec:,Command164,0b10100100,722.5638436
D0Rec:,Command165,0b10100101,726.5113347
D0Rec:,Command166,0b10100110,730.5053102
D0Rec:,Command167,0b10100111,734.5577934
D0Rec:,Command168,0b10101000,738.5481458
D0Rec:,Command169,0b10101001,742.547316
D0Rec:,Command170,0b10101010,746.5277062
D0Rec:,Command171,0b10101011,750.5586303
D0Rec:,Command172,0b10101100,754.5885011
D0Rec:,Command173,0b10101101,758.5998455
D0Rec:,Command174,0b10101110,762.6035863
D0Rec:,Command175,0b10101111,766.6118256
D0Rec:,Command176,0b10110000,770.6747307
D0Rec:,Command177,0b10110001,774.6492006
D0Rec:,Command178,0b10110010,778.611191
D0Rec:,Command179,0b10110011,782.6598349
D0Rec:,Command180,0b10110100,786.6771168
D0Rec:,Command181,0b10110101,790.6549756
D0Rec:,Command182,0b10110110,794.6796611
D0Rec:,Command183,0b10110111,798.645767
D0Rec:,Command184,0b10111000,802.6978402
D0Rec:,Command185,0b10111001,806.6810638
D0Rec:,Command186,0b10111010,810.6906828
D0Rec:,Command187,0b10111011,814.738992
D0Rec:,Command188,0b10111100,818.744683
D0Rec:,Command189,0b10111101,822.7123327
D0Rec:,Command190,0b10111110,826.7445705
D0Rec:,Command191,0b10111111,830.7144892
D0Rec:,Command192,0b11000000,834.7681482
D0Rec:,Command193,0b11000001,838.7158761
D0Rec:,Command194,0b11000010,842.770242
D0Rec:,Command195,0b11000011,846.7729751
D0Rec:,Command196,0b11000100,850.7444922
D0Rec:,Command197,0b11000101,854.7628687
D0Rec:,Command198,0b11000110,858.7650172
D0Rec:,Command199,0b11000111,862.7662175
D0Rec:,Command200,0b11001000,866.8062919
D0Rec:,Command201,0b11001001,870.8308132
D0Rec:,Command202,0b11001010,874.8500367
D0Rec:,Command203,0b11001011,878.8364714
D0Rec:,Command204,0b11001100,882.8384214
D0Rec:,Command205,0b11001101,886.8341558
D0Rec:,Command206,0b11001110,890.8119372
D0Rec:,Command207,0b11001111,894.8654174
D0Rec:,Command208,0b11010000,898.8791738
D0Rec:,Command209,0b11010001,902.9177053
D0Rec:,Command210,0b11010010,906.9233177
D0Rec:,Command211,0b11010011,910.9399062
D0Rec:,Command212,0b11010100,914.9556124
D0Rec:,Command213,0b11010101,918.9067222
D0Rec:,Command214,0b11010110,922.9152897
D0Rec:,Command215,0b11010111,927.0248127
D0Rec:,Command216,0b11011000,930.9401047
D0Rec:,Command217,0b11011001,934.9532682
D0Rec:,Command218,0b11011010,938.979373
D0Rec:,Command219,0b11011011,942.9456218
D0Rec:,Command220,0b11011100,947.0083553
D0Rec:,Command221,0b11011101,950.9823958
D0Rec:,Command222,0b11011110,955.0999895
D0Rec:,Command223,0b11011111,959.0093501
D0Rec:,Command224,0b11100000,962.9947116
D0Rec:,Command225,0b11100001,967.0035475
D0Rec:,Command226,0b11100010,971.0812491
D0Rec:,Command227,0b11100011,975.0602567
D0Rec:,Command228,0b11100100,979.0924334
D0Rec:,Command229,0b11100101,983.0513876
D0Rec:,Command230,0b11100110,987.081107
D0Rec:,Command231,0b11100111,991.0757511
D0Rec:,Command232,0b11101000,995.0826343
D0Rec:,Command233,0b11101001,999.0821236
D0Rec:,Command234,0b11101010,1003.113982
D0Rec:,Command235,0b11101011,1007.089714
D0Rec:,Command236,0b11101100,1011.12031
D0Rec:,Command237,0b11101101,1015.118587
D0Rec:,Command238,0b11101110,1019.117086
D0Rec:,Command239,0b11101111,1023.119608
D0Rec:,Command240,0b11110000,1027.158121
D0Rec:,Command241,0b11110001,1031.167706
D0Rec:,Command242,0b11110010,1035.133051
D0Rec:,Command243,0b11110011,1039.142344
D0Rec:,Command244,0b11110100,1043.170215
D0Rec:,Command245,0b11110101,1047.174119
D0Rec:,Command246,0b11110110,1051.233271
D0Rec:,Command247,0b11110111,1055.216407
D0Rec:,Command248,0b11111000,1059.255025
D0Rec:,Command249,0b11111001,1063.264455
D0Rec:,Command250,0b11111010,1067.231284
D0Rec:,Command251,0b11111011,1071.298296
D0Rec:,Command252,0b11111100,1075.246057
D0Rec:,Command253,0b11111101,1079.256013
D0Rec:,Command254,0b11111110,1083.217535
D0Rec:,Command255,0b11111111,1087.297834
D1Rec:,Command229,0b11100101,18.0577048
D1Rec:,Command229,0b11100101,23.1623384
D1Rec:,Command229,0b11100101,31.2398976
D1Rec:,Command0,0b0,39.1602591
D1Rec:,Command1,0b1,43.1333984
D1Rec:,Command2,0b10,46.8282634
D1Rec:,Command3,0b11,50.8856694
D1Rec:,Command4,0b100,54.8721073
D1Rec:,Command5,0b101,58.8759008
D1Rec:,Command6,0b110,62.8962517
D1Rec:,Command7,0b111,66.9132809
D1Rec:,Command8,0b1000,70.9199225
D1Rec:,Command9,0b1001,74.9437873
D1Rec:,Command10,0b1010,78.9560988
D1Rec:,Command11,0b1011,82.9473347
D1Rec:,Command12,0b1100,86.9236816
D1Rec:,Command13,0b1101,90.9780051
D1Rec:,Command14,0b1110,94.9532683
D1Rec:,Command15,0b1111,98.9510953
D1Rec:,Command16,0b10000,102.9781307
D1Rec:,Command17,0b10001,106.9340631
D1Rec:,Command18,0b10010,111.0307568
D1Rec:,Command19,0b10011,114.9959798
D1Rec:,Command20,0b10100,118.9544931
D1Rec:,Command21,0b10101,123.0316754
D1Rec:,Command22,0b10110,126.9956572
D1Rec:,Command23,0b10111,131.0165871
D1Rec:,Command24,0b11000,135.0305407
D1Rec:,Command25,0b11001,139.0650097
D1Rec:,Command26,0b11010,143.0547788
D1Rec:,Command27,0b11011,147.0556399
D1Rec:,Command28,0b11100,151.1103303
D1Rec:,Command29,0b11101,155.0632869
D1Rec:,Command30,0b11110,159.1191893
D1Rec:,Command31,0b11111,163.0825019
D1Rec:,Command32,0b100000,167.0775404
D1Rec:,Command33,0b100001,171.0611823
D1Rec:,Command34,0b100010,175.1264589
D1Rec:,Command35,0b100011,179.1096831
D1Rec:,Command36,0b100100,183.1272
D1Rec:,Command37,0b100101,187.13144
D1Rec:,Command38,0b100110,191.1106423
D1Rec:,Command39,0b100111,195.2018422
D1Rec:,Command40,0b101000,199.5444595
D1Rec:,Command41,0b101001,203.1587547
D1Rec:,Command42,0b101010,207.1820754
D1Rec:,Command43,0b101011,211.1474347
D1Rec:,Command44,0b101100,215.1830894
D1Rec:,Command45,0b101101,219.2114243
D1Rec:,Command46,0b101110,223.2136163
D1Rec:,Command47,0b101111,227.273021
D1Rec:,Command48,0b110000,231.2348336
D1Rec:,Command49,0b110001,235.19812
D1Rec:,Command50,0b110010,239.251327
D1Rec:,Command51,0b110011,243.2873189
D1Rec:,Command52,0b110100,247.2715874
D1Rec:,Command53,0b110101,251.2770058
D1Rec:,Command54,0b110110,255.308121
D1Rec:,Command55,0b110111,259.2797059
D1Rec:,Command56,0b111000,263.3058819
D1Rec:,Command57,0b111001,267.2982748
D1Rec:,Command58,0b111010,271.2983042
D1Rec:,Command59,0b111011,275.3101479
D1Rec:,Command60,0b111100,279.3439511
D1Rec:,Command61,0b111101,283.3324441
D1Rec:,Command62,0b111110,287.374013
D1Rec:,Command63,0b111111,291.331515
D1Rec:,Command64,0b1000000,295.3924223
D1Rec:,Command65,0b1000001,299.3469241
D1Rec:,Command66,0b1000010,303.3955921
D1Rec:,Command67,0b1000011,307.4005266
D1Rec:,Command68,0b1000100,311.4142768
D1Rec:,Command69,0b1000101,315.453095
D1Rec:,Command70,0b1000110,319.4221093
D1Rec:,Command71,0b1000111,323.4362665
D1Rec:,Command72,0b1001000,327.4557314
D1Rec:,Command73,0b1001001,331.492787
D1Rec:,Command74,0b1001010,335.4890764
D1Rec:,Command75,0b1001011,339.511388
D1Rec:,Command76,0b1001100,343.4613856
D1Rec:,Command77,0b1001101,347.5126402
D1Rec:,Command78,0b1001110,351.5189763
D1Rec:,Command79,0b1001111,355.4796695
D1Rec:,Command80,0b1010000,359.4708387
D1Rec:,Command81,0b1010001,363.5243153
D1Rec:,Command82,0b1010010,367.4776668
D1Rec:,Command83,0b1010011,371.5539275
D1Rec:,Command84,0b1010100,375.5615381
D1Rec:,Command85,0b1010101,379.5656612
D1Rec:,Command86,0b1010110,383.5866996
D1Rec:,Command87,0b1010111,387.5702885
D1Rec:,Command88,0b1011000,391.610115
D1Rec:,Command89,0b1011001,395.5647483
D1Rec:,Command90,0b1011010,399.5988543
D1Rec:,Command255,0b11111111,403.5938692
D1Rec:,Command92,0b1011100,407.5864463
D1Rec:,Command93,0b1011101,411.5466165
D1Rec:,Command94,0b1011110,415.6030442
D1Rec:,Command95,0b1011111,419.6316391
D1Rec:,Command96,0b1100000,423.6496794
D1Rec:,Command97,0b1100001,427.6768131
D1Rec:,Command98,0b1100010,431.679577
D1Rec:,Command99,0b1100011,435.6613602
D1Rec:,Command100,0b1100100,439.6588939
D1Rec:,Command101,0b1100101,443.7257864
D1Rec:,Command102,0b1100110,447.6476784
D1Rec:,Command103,0b1100111,451.7276462
D1Rec:,Command104,0b1101000,455.7537115
D1Rec:,Command105,0b1101001,459.7216924
D1Rec:,Command106,0b1101010,463.7110942
D1Rec:,Command107,0b1101011,467.7139895
D1Rec:,Command108,0b1101100,471.7107806
D1Rec:,Command109,0b1101101,475.7427562
D1Rec:,Command110,0b1101110,479.7768296
D1Rec:,Command111,0b1101111,483.7903203
D1Rec:,Command112,0b1110000,487.7958619
D1Rec:,Command113,0b1110001,491.8252996
D1Rec:,Command114,0b1110010,495.8349786
D1Rec:,Command115,0b1110011,499.8501876
D1Rec:,Command116,0b1110100,503.8460842
D1Rec:,Command117,0b1110101,507.791459
D1Rec:,Command118,0b1110110,511.8595616
D1Rec:,Command119,0b1110111,515.8545059
D1Rec:,Command120,0b1111000,519.8462962
D1Rec:,Command121,0b1111001,523.8823655
D1Rec:,Command122,0b1111010,527.9442302
D1Rec:,Command123,0b1111011,531.9056051
D1Rec:,Command124,0b1111100,535.8776312
D1Rec:,Command125,0b1111101,539.9178466
D1Rec:,Command126,0b1111110,543.8711389
D1Rec:,Command127,0b1111111,547.9319327
D1Rec:,Command128,0b10000000,551.9238254
D1Rec:,Command129,0b10000001,555.9183991
D1Rec:,Command130,0b10000010,559.9415015
D1Rec:,Command131,0b10000011,563.9872878
D1Rec:,Command132,0b10000100,567.9801647
D1Rec:,Command133,0b10000101,571.9628466
D1Rec:,Command134,0b10000110,576.0150689
D1Rec:,Command135,0b10000111,579.9995835
D1Rec:,Command136,0b10001000,584.03261
D1Rec:,Command137,0b10001001,588.0180738
D1Rec:,Command138,0b10001010,591.9651901
D1Rec:,Command139,0b10001011,596.0306156
D1Rec:,Command140,0b10001100,600.0742922
D1Rec:,Command141,0b10001101,604.0426543
D1Rec:,Command142,0b10001110,608.0652746
D1Rec:,Command143,0b10001111,612.0453586
D1Rec:,Command144,0b10010000,616.0521191
D1Rec:,Command145,0b10010001,620.1084838
D1Rec:,Command146,0b10010010,624.0476732
D1Rec:,Command147,0b10010011,628.1021182
D1Rec:,Command148,0b10010100,632.0474374
D1Rec:,Command149,0b10010101,636.1088698
D1Rec:,Command150,0b10010110,640.090825
D1Rec:,Command151,0b10010111,644.1785693
D1Rec:,Command152,0b10011000,648.1256813
D1Rec:,Command153,0b10011001,652.1066711
D1Rec:,Command154,0b10011010,656.2632376
D1Rec:,Command155,0b10011011,660.1277217
D1Rec:,Command156,0b10011100,664.1470159
D1Rec:,Command157,0b10011101,668.1964446
D1Rec:,Command158,0b10011110,672.2371732
D1Rec:,Command159,0b10011111,676.1686338
D1Rec:,Command160,0b10100000,680.1662995
D1Rec:,Command161,0b10100001,684.2563075
D1Rec:,Command162,0b10100010,688.2715825
D1Rec:,Command163,0b10100011,692.2004425
D1Rec:,Command164,0b10100100,696.2543129
D1Rec:,Command165,0b10100101,700.2527554
D1Rec:,Command166,0b10100110,704.2203515
D1Rec:,Command167,0b10100111,708.2785714
D1Rec:,Command168,0b10101000,712.2869926
D1Rec:,Command169,0b10101001,716.2817167
D1Rec:,Command170,0b10101010,720.276288
D1Rec:,Command171,0b10101011,724.343494
D1Rec:,Command172,0b10101100,728.3052308
D1Rec:,Command173,0b10101101,732.3326705
D1Rec:,Command174,0b10101110,736.301987
D1Rec:,Command175,0b10101111,740.3363902
D1Rec:,Command176,0b10110000,744.3359392
D1Rec:,Command177,0b10110001,748.3391418
D1Rec:,Command178,0b10110010,752.3029419
D1Rec:,Command179,0b10110011,756.3798652
D1Rec:,Command180,0b10110100,760.4208254
D1Rec:,Command181,0b10110101,764.3477177
D1Rec:,Command182,0b10110110,768.351523
D1Rec:,Command183,0b10110111,772.419839
D1Rec:,Command184,0b10111000,776.3921597
D1Rec:,Command185,0b10111001,780.4120605
D1Rec:,Command186,0b10111010,784.4159883
D1Rec:,Command187,0b10111011,788.4365248
D1Rec:,Command188,0b10111100,792.4228377
D1Rec:,Command189,0b10111101,796.4168211
D1Rec:,Command190,0b10111110,800.4484721
D1Rec:,Command191,0b10111111,804.5021111
D1Rec:,Command192,0b11000000,808.532678
D1Rec:,Command193,0b11000001,812.4930122
D1Rec:,Command194,0b11000010,816.4742871
D1Rec:,Command195,0b11000011,820.5044396
D1Rec:,Command196,0b11000100,824.4783092
D1Rec:,Command197,0b11000101,828.59956
D1Rec:,Command198,0b11000110,832.5740508
D1Rec:,Command199,0b11000111,836.5009264
D1Rec:,Command200,0b11001000,840.5076371
D1Rec:,Command201,0b11001001,844.5157898
D1Rec:,Command202,0b11001010,848.5265641
D1Rec:,Command203,0b11001011,852.5710851
D1Rec:,Command204,0b11001100,856.5694901
D1Rec:,Command205,0b11001101,860.5910987
D1Rec:,Command206,0b11001110,864.5509663
D1Rec:,Command207,0b11001111,868.5757089
D1Rec:,Command208,0b11010000,872.6293589
D1Rec:,Command209,0b11010001,876.5524072
D1Rec:,Command210,0b11010010,880.6533196
D1Rec:,Command211,0b11010011,884.6653023
D1Rec:,Command212,0b11010100,888.6543631
D1Rec:,Command213,0b11010101,892.6258259
D1Rec:,Command214,0b11010110,896.6324518
D1Rec:,Command215,0b11010111,900.67931
D1Rec:,Command216,0b11011000,904.707807
D1Rec:,Command217,0b11011001,908.6670828
D1Rec:,Command218,0b11011010,912.6652428
D1Rec:,Command219,0b11011011,916.702068
D1Rec:,Command220,0b11011100,920.7575112
D1Rec:,Command221,0b11011101,924.7004875
D1Rec:,Command222,0b11011110,928.7599518
D1Rec:,Command223,0b11011111,932.744975
D1Rec:,Command224,0b11100000,936.7775123
D1Rec:,Command225,0b11100001,940.697915
D1Rec:,Command226,0b11100010,944.6969819
D1Rec:,Command227,0b11100011,948.775779
D1Rec:,Command228,0b11100100,952.7970816
D1Rec:,Command229,0b11100101,956.7752801
D1Rec:,Command230,0b11100110,960.7909915
D1Rec:,Command231,0b11100111,964.793058
D1Rec:,Command232,0b11101000,968.8522921
D1Rec:,Command233,0b11101001,972.8018223
D1Rec:,Command234,0b11101010,976.8513753
D1Rec:,Command235,0b11101011,980.8078729
D1Rec:,Command236,0b11101100,984.8544474
D1Rec:,Command237,0b11101101,988.8463434
D1Rec:,Command238,0b11101110,992.859445
D1Rec:,Command239,0b11101111,996.830819
D1Rec:,Command240,0b11110000,1000.888461
D1Rec:,Command241,0b11110001,1004.885407
D1Rec:,Command242,0b11110010,1008.877358
D1Rec:,Command243,0b11110011,1012.864481
D1Rec:,Command244,0b11110100,1016.906545
D1Rec:,Command245,0b11110101,1020.930958
D1Rec:,Command246,0b11110110,1024.921995
D1Rec:,Command247,0b11110111,1029.005041
D1Rec:,Command248,0b11111000,1033.009969
D1Rec:,Command249,0b11111001,1036.991428
D1Rec:,Command250,0b11111010,1040.993058
D1Rec:,Command251,0b11111011,1044.931774
D1Rec:,Command252,0b11111100,1049.007996
D1Rec:,Command253,0b11111101,1053.01215
D1Rec:,Command254,0b11111110,1057.116208
D1Rec:,Command255,0b11111111,1060.959879
D2Rec:,Command229,0b11100101,17.0652458
D2Rec:,Command229,0b11100101,22.1456694
D2Rec:,Command229,0b11100101,30.2853039
D2Rec:,Command0,0b0,38.3015841
D2Rec:,Command1,0b1,42.1960674
D2Rec:,Command2,0b10,46.0532469
D2Rec:,Command3,0b11,49.9865637
D2Rec:,Command4,0b100,54.051626
D2Rec:,Command5,0b101,58.0608911
D2Rec:,Command6,0b110,61.9844441
D2Rec:,Command7,0b111,66.0598606
D2Rec:,Command8,0b1000,70.1091403
D2Rec:,Command9,0b1001,74.0693651
D2Rec:,Command10,0b1010,78.0671159
D2Rec:,Command11,0b1011,82.0811446
D2Rec:,Command12,0b1100,86.1197871
D2Rec:,Command13,0b1101,90.0905729
D2Rec:,Command14,0b1110,94.082772
D2Rec:,Command15,0b1111,98.0981827
D2Rec:,Command16,0b10000,102.1405647
D2Rec:,Command17,0b10001,106.1341271
D2Rec:,Command18,0b10010,110.1368433
D2Rec:,Command19,0b10011,114.1278049
D2Rec:,Command20,0b10100,118.2130595
D2Rec:,Command21,0b10101,122.0907404
D2Rec:,Command22,0b10110,126.1597547
D2Rec:,Command23,0b10111,130.1637587
D2Rec:,Command24,0b11000,134.1881837
D2Rec:,Command25,0b11001,138.2098915
D2Rec:,Command26,0b11010,142.1804323
D2Rec:,Command27,0b11011,146.2086653
D2Rec:,Command28,0b11100,150.2165869
D2Rec:,Command29,0b11101,154.237184
D2Rec:,Command30,0b11110,158.2218685
D2Rec:,Command31,0b11111,162.2249178
D2Rec:,Command32,0b100000,166.2798185
D2Rec:,Command33,0b100001,170.2571766
D2Rec:,Command34,0b100010,174.2319107
D2Rec:,Command35,0b100011,178.2529434
D2Rec:,Command36,0b100100,182.2519607
D2Rec:,Command37,0b100101,186.2010299
D2Rec:,Command38,0b100110,190.2701099
D2Rec:,Command39,0b100111,194.2551973
D2Rec:,Command40,0b101000,198.2966758
D2Rec:,Command41,0b101001,202.3005902
D2Rec:,Command42,0b101010,206.3779118
D2Rec:,Command43,0b101011,210.3291212
D2Rec:,Command44,0b101100,214.3525125
D2Rec:,Command45,0b101101,218.3289546
D2Rec:,Command46,0b101110,222.3417292
D2Rec:,Command47,0b101111,226.3257419
D2Rec:,Command48,0b110000,230.3444864
D2Rec:,Command49,0b110001,234.3491008
D2Rec:,Command50,0b110010,238.3207704
D2Rec:,Command51,0b110011,242.3626558
D2Rec:,Command52,0b110100,246.3831349
D2Rec:,Command53,0b110101,250.3758926
D2Rec:,Command54,0b110110,254.3947079
D2Rec:,Command55,0b110111,258.4079518
D2Rec:,Command56,0b111000,262.3331922
D2Rec:,Command57,0b111001,266.4006315
D2Rec:,Command58,0b111010,270.4135859
D2Rec:,Command59,0b111011,274.4451791
D2Rec:,Command60,0b111100,278.3942074
D2Rec:,Command61,0b111101,282.3948589
D2Rec:,Command62,0b111110,286.4173054
D2Rec:,Command63,0b111111,290.43523
D2Rec:,Command64,0b1000000,294.4420245
D2Rec:,Command65,0b1000001,298.4184194
D2Rec:,Command66,0b1000010,302.4589935
D2Rec:,Command67,0b1000011,306.534817
D2Rec:,Command68,0b1000100,310.485094
D2Rec:,Command69,0b1000101,314.4828699
D2Rec:,Command70,0b1000110,318.496226
D2Rec:,Command71,0b1000111,322.5056174
D2Rec:,Command72,0b1001000,326.5168296
D2Rec:,Command73,0b1001001,330.5267952
D2Rec:,Command74,0b1001010,334.5347667
D2Rec:,Command75,0b1001011,338.5092088
D2Rec:,Command76,0b1001100,342.5254531
D2Rec:,Command77,0b1001101,346.5531913
D2Rec:,Command78,0b1001110,350.5917521
D2Rec:,Command79,0b1001111,354.5855173
D2Rec:,Command80,0b1010000,358.5935113
D2Rec:,Command81,0b1010001,362.5478676
D2Rec:,Command82,0b1010010,366.5881968
D2Rec:,Command83,0b1010011,370.6128054
D2Rec:,Command84,0b1010100,374.606907
D2Rec:,Command85,0b1010101,378.6266083
D2Rec:,Command86,0b1010110,382.6088182
D2Rec:,Command87,0b1010111,386.6614047
D2Rec:,Command88,0b1011000,390.5927179
D2Rec:,Command89,0b1011001,394.6693748
D2Rec:,Command90,0b1011010,398.6420671
D2Rec:,Command91,0b1011011,402.7145678
D2Rec:,Command92,0b1011100,406.6731744
D2Rec:,Command93,0b1011101,410.6837409
D2Rec:,Command94,0b1011110,414.6926698
D2Rec:,Command95,0b1011111,418.7188447
D2Rec:,Command96,0b1100000,422.7481281
D2Rec:,Command97,0b1100001,426.7452377
D2Rec:,Command98,0b1100010,430.7335961
D2Rec:,Command99,0b1100011,434.7134704
D2Rec:,Command100,0b1100100,438.7302174
D2Rec:,Command101,0b1100101,442.7075279
D2Rec:,Command102,0b1100110,446.766467
D2Rec:,Command103,0b1100111,450.7633541
D2Rec:,Command104,0b1101000,454.8007698
D2Rec:,Command105,0b1101001,458.7382387
D2Rec:,Command106,0b1101010,462.845725
D2Rec:,Command107,0b1101011,466.7824627
D2Rec:,Command108,0b1101100,470.7859612
D2Rec:,Command109,0b1101101,474.8183849
D2Rec:,Command110,0b1101110,478.8546743
D2Rec:,Command111,0b1101111,482.8238274
D2Rec:,Command112,0b1110000,486.8979721
D2Rec:,Command113,0b1110001,490.7917044
D2Rec:,Command114,0b1110010,494.8660821
D2Rec:,Command115,0b1110011,498.8858701
D2Rec:,Command116,0b1110100,502.8165298
D2Rec:,Command117,0b1110101,506.8591775
D2Rec:,Command118,0b1110110,510.8475648
D2Rec:,Command119,0b1110111,514.8695576
D2Rec:,Command120,0b1111000,518.9187388
D2Rec:,Command121,0b1111001,522.8560162
D2Rec:,Command122,0b1111010,526.9504334
D2Rec:,Command123,0b1111011,530.8749831
D2Rec:,Command124,0b1111100,534.9473151
D2Rec:,Command125,0b1111101,538.9208176
D2Rec:,Command126,0b1111110,542.9134275
D2Rec:,Command127,0b1111111,546.9740675
D2Rec:,Command128,0b10000000,550.9754289
D2Rec:,Command129,0b10000001,554.9842043
D2Rec:,Command130,0b10000010,558.9788994
D2Rec:,Command131,0b10000011,563.0116859
D2Rec:,Command132,0b10000100,567.0177407
D2Rec:,Command133,0b10000101,571.004504
D2Rec:,Command134,0b10000110,574.9509812
D2Rec:,Command135,0b10000111,578.995867
D2Rec:,Command136,0b10001000,583.0066394
D2Rec:,Command137,0b10001001,586.9528024
D2Rec:,Command138,0b10001010,591.0074397
D2Rec:,Command139,0b10001011,595.0319314
D2Rec:,Command140,0b10001100,599.0593918
D2Rec:,Command141,0b10001101,602.9782739
D2Rec:,Command142,0b10001110,607.0871811
D2Rec:,Command143,0b10001111,611.0455682
D2Rec:,Command144,0b10010000,615.1066483
D2Rec:,Command145,0b10010001,619.1272328
D2Rec:,Command146,0b10010010,623.0926077
D2Rec:,Command147,0b10010011,627.1134978
D2Rec:,Command148,0b10010100,631.1220259
D2Rec:,Command149,0b10010101,635.1280409
D2Rec:,Command150,0b10010110,639.0844144
D2Rec:,Command151,0b10010111,643.1294509
D2Rec:,Command152,0b10011000,647.156796
D2Rec:,Command153,0b10011001,651.1060478
D2Rec:,Command154,0b10011010,655.1663374
D2Rec:,Command155,0b10011011,659.1581224
D2Rec:,Command156,0b10011100,663.1537832
D2Rec:,Command157,0b10011101,667.1815285
D2Rec:,Command158,0b10011110,671.1785934
D2Rec:,Command159,0b10011111,675.2286168
D2Rec:,Command160,0b10100000,679.193593
D2Rec:,Command161,0b10100001,683.2529668
D2Rec:,Command162,0b10100010,687.2284196
D2Rec:,Command163,0b10100011,691.2062506
D2Rec:,Command164,0b10100100,695.259889
D2Rec:,Command165,0b10100101,699.1763022
D2Rec:,Command166,0b10100110,703.2574914
D2Rec:,Command167,0b10100111,707.2247745
D2Rec:,Command168,0b10101000,711.2418868
D2Rec:,Command169,0b10101001,715.2525782
D2Rec:,Command170,0b10101010,719.2352067
D2Rec:,Command171,0b10101011,723.2775923
D2Rec:,Command172,0b10101100,727.2640787
D2Rec:,Command173,0b10101101,731.3308398
D2Rec:,Command174,0b10101110,735.2900087
D2Rec:,Command175,0b10101111,739.2886551
D2Rec:,Command176,0b10110000,743.2936996
D2Rec:,Command177,0b10110001,747.2753452
D2Rec:,Command178,0b10110010,751.3443323
D2Rec:,Command179,0b10110011,755.3363635
D2Rec:,Command180,0b10110100,759.3427477
D2Rec:,Command181,0b10110101,763.3923764
D2Rec:,Command182,0b10110110,767.3311405
D2Rec:,Command183,0b10110111,771.3877485
D2Rec:,Command184,0b10111000,775.363545
D2Rec:,Command185,0b10111001,779.3855892
D2Rec:,Command186,0b10111010,783.4003715
D2Rec:,Command187,0b10111011,787.3956675
D2Rec:,Command188,0b10111100,791.4075822
D2Rec:,Command189,0b10111101,795.4193264
D2Rec:,Command190,0b10111110,799.4046577
D2Rec:,Command191,0b10111111,803.4345925
D2Rec:,Command192,0b11000000,807.4335704
D2Rec:,Command193,0b11000001,811.4444397
D2Rec:,Command194,0b11000010,815.440688
D2Rec:,Command195,0b11000011,819.4745667
D2Rec:,Command196,0b11000100,823.4875303
D2Rec:,Command197,0b11000101,827.4774832
D2Rec:,Command198,0b11000110,831.5327903
D2Rec:,Command199,0b11000111,835.5072856
D2Rec:,Command200,0b11001000,839.4852526
D2Rec:,Command201,0b11001001,843.5048483
D2Rec:,Command202,0b11001010,847.5240978
D2Rec:,Command203,0b11001011,851.4980592
D2Rec:,Command204,0b11001100,855.5370025
D2Rec:,Command205,0b11001101,859.5580111
D2Rec:,Command206,0b11001110,863.5647005
D2Rec:,Command207,0b11001111,867.5425668
D2Rec:,Command208,0b11010000,871.5501256
D2Rec:,Command209,0b11010001,875.620182
D2Rec:,Command210,0b11010010,879.5449942
D2Rec:,Command211,0b11010011,883.5984156
D2Rec:,Command212,0b11010100,887.5131663
D2Rec:,Command213,0b11010101,891.5784496
D2Rec:,Command214,0b11010110,895.6108539
D2Rec:,Command215,0b11010111,899.6113968
D2Rec:,Command216,0b11011000,903.6589628
D2Rec:,Command217,0b11011001,907.6179246
D2Rec:,Command218,0b11011010,911.5885255
D2Rec:,Command219,0b11011011,915.6136684
D2Rec:,Command220,0b11011100,919.6642258
D2Rec:,Command221,0b11011101,923.6449085
D2Rec:,Command222,0b11011110,927.6432179
D2Rec:,Command223,0b11011111,931.7012942
D2Rec:,Command224,0b11100000,935.6322937
D2Rec:,Command225,0b11100001,939.6927124
D2Rec:,Command226,0b11100010,943.7419403
D2Rec:,Command227,0b11100011,947.75015
D2Rec:,Command228,0b11100100,951.8005497
D2Rec:,Command229,0b11100101,955.775747
D2Rec:,Command230,0b11100110,959.733051
D2Rec:,Command231,0b11100111,963.7404455
D2Rec:,Command232,0b11101000,967.7791248
D2Rec:,Command233,0b11101001,971.7784632
D2Rec:,Command234,0b11101010,975.7964354
D2Rec:,Command235,0b11101011,979.8171306
D2Rec:,Command236,0b11101100,983.7576924
D2Rec:,Command237,0b11101101,987.781841
D2Rec:,Command238,0b11101110,991.7921994
D2Rec:,Command239,0b11101111,995.8082065
D2Rec:,Command240,0b11110000,999.8072692
D2Rec:,Command241,0b11110001,1003.820716
D2Rec:,Command242,0b11110010,1007.784946
D2Rec:,Command243,0b11110011,1011.887438
D2Rec:,Command244,0b11110100,1015.869002
D2Rec:,Command245,0b11110101,1019.901406
D2Rec:,Command246,0b11110110,1023.978292
D2Rec:,Command247,0b11110111,1027.853424
D2Rec:,Command248,0b11111000,1031.91163
D2Rec:,Command249,0b11111001,1035.865751
D2Rec:,Command250,0b11111010,1039.91258
D2Rec:,Command251,0b11111011,1043.940129
D2Rec:,Command252,0b11111100,1047.914263
D2Rec:,Command253,0b11111101,1051.983724
D2Rec:,Command254,0b11111110,1055.936647
D2Rec:,Command255,0b11111111,1059.940865
D3Rec:,Command229,0b11100101,16.4433262
D3Rec:,Command229,0b11100101,21.7610716
D3Rec:,Command229,0b11100101,29.688674
D3Rec:,Command0,0b0,37.7976978
D3Rec:,Command1,0b1,41.7154381
D3Rec:,Command2,0b10,45.4708361
D3Rec:,Command3,0b11,49.4469921
D3Rec:,Command4,0b100,53.4741777
D3Rec:,Command5,0b101,57.5054824
D3Rec:,Command6,0b110,61.5193712
D3Rec:,Command7,0b111,65.4682441
D3Rec:,Command8,0b1000,69.5090053
D3Rec:,Command9,0b1001,73.4972232
D3Rec:,Command10,0b1010,77.5087151
D3Rec:,Command11,0b1011,81.5094774
D3Rec:,Command12,0b1100,85.5413579
D3Rec:,Command13,0b1101,89.4752668
D3Rec:,Command14,0b1110,93.5431466
D3Rec:,Command15,0b1111,97.5587195
D3Rec:,Command16,0b10000,101.5665166
D3Rec:,Command17,0b10001,105.518903
D3Rec:,Command18,0b10010,109.6417095
D3Rec:,Command19,0b10011,113.5231807
D3Rec:,Command20,0b10100,117.610235
D3Rec:,Command21,0b10101,121.6382788
D3Rec:,Command22,0b10110,125.5502835
D3Rec:,Command23,0b10111,129.6040217
D3Rec:,Command24,0b11000,133.5405726
D3Rec:,Command25,0b11001,137.6703379
D3Rec:,Command26,0b11010,141.6427279
D3Rec:,Command27,0b11011,145.6327608
D3Rec:,Command28,0b11100,149.6385815
D3Rec:,Command29,0b11101,153.6347343
D3Rec:,Command30,0b11110,157.6689061
D3Rec:,Command31,0b11111,161.6778609
D3Rec:,Command32,0b100000,165.6854273
D3Rec:,Command33,0b100001,169.7026109
D3Rec:,Command34,0b100010,173.7901526
D3Rec:,Command35,0b100011,177.7364885
D3Rec:,Command36,0b100100,181.688316
D3Rec:,Command37,0b100101,185.7511555
D3Rec:,Command38,0b100110,189.6879731
D3Rec:,Command39,0b100111,193.7481247
D3Rec:,Command40,0b101000,197.7621746
D3Rec:,Command41,0b101001,201.7761995
D3Rec:,Command42,0b101010,205.7144195
D3Rec:,Command43,0b101011,209.7942429
D3Rec:,Command44,0b101100,213.7811868
D3Rec:,Command45,0b101101,217.8356421
D3Rec:,Command46,0b101110,221.820627
D3Rec:,Command47,0b101111,225.7793406
D3Rec:,Command48,0b110000,229.8261968
D3Rec:,Command49,0b110001,233.8301134
D3Rec:,Command50,0b110010,237.8655649
D3Rec:,Command51,0b110011,241.8382064
D3Rec:,Command52,0b110100,245.9127399
D3Rec:,Command53,0b110101,249.814965
D3Rec:,Command54,0b110110,253.8352892
D3Rec:,Command55,0b110111,257.8752338
D3Rec:,Command56,0b111000,261.8977882
D3Rec:,Command57,0b111001,265.9166152
D3Rec:,Command58,0b111010,269.8951892
D3Rec:,Command59,0b111011,273.8849024
D3Rec:,Command60,0b111100,277.9163711
D3Rec:,Command61,0b111101,281.8733708
D3Rec:,Command62,0b111110,285.9731867
D3Rec:,Command63,0b111111,289.9309606
D3Rec:,Command64,0b1000000,293.9014569
D3Rec:,Command65,0b1000001,297.9122103
D3Rec:,Command66,0b1000010,301.9282227
D3Rec:,Command67,0b1000011,305.9642982
D3Rec:,Command68,0b1000100,309.9822617
D3Rec:,Command69,0b1000101,313.9909663
D3Rec:,Command70,0b1000110,318.017229
D3Rec:,Command71,0b1000111,322.0308704
D3Rec:,Command72,0b1001000,326.0035129
D3Rec:,Command73,0b1001001,329.9810984
D3Rec:,Command74,0b1001010,333.9759761
D3Rec:,Command75,0b1001011,338.0443718
D3Rec:,Command76,0b1001100,342.0263765
D3Rec:,Command77,0b1001101,346.1711301
D3Rec:,Command78,0b1001110,350.0103687
D3Rec:,Command79,0b1001111,354.0519765
D3Rec:,Command80,0b1010000,358.0891455
D3Rec:,Command81,0b1010001,362.0209046
D3Rec:,Command82,0b1010010,366.1124919
D3Rec:,Command83,0b1010011,370.1411912
D3Rec:,Command84,0b1010100,374.0798885
D3Rec:,Command85,0b1010101,378.0725399
D3Rec:,Command86,0b1010110,382.1244984
D3Rec:,Command87,0b1010111,386.1363952
D3Rec:,Command88,0b1011000,390.1107264
D3Rec:,Command89,0b1011001,394.0814498
D3Rec:,Command90,0b1011010,398.1421915
D3Rec:,Command91,0b1011011,402.1645332
D3Rec:,Command92,0b1011100,406.1904775
D3Rec:,Command93,0b1011101,410.14992
D3Rec:,Command94,0b1011110,414.1584271
D3Rec:,Command95,0b1011111,418.2452353
D3Rec:,Command96,0b1100000,422.2168469
D3Rec:,Command97,0b1100001,426.2240204
D3Rec:,Command98,0b1100010,430.2279105
D3Rec:,Command99,0b1100011,434.1688337
D3Rec:,Command100,0b1100100,438.2094109
D3Rec:,Command101,0b1100101,442.1554362
D3Rec:,Command102,0b1100110,446.2468297
D3Rec:,Command103,0b1100111,450.2520418
D3Rec:,Command104,0b1101000,454.189364
D3Rec:,Command105,0b1101001,458.2523495
D3Rec:,Command106,0b1101010,462.2540168
D3Rec:,Command107,0b1101011,466.3251037
D3Rec:,Command108,0b1101100,470.3870861
D3Rec:,Command109,0b1101101,474.2192946
D3Rec:,Command110,0b1101110,478.2706519
D3Rec:,Command111,0b1101111,482.2802181
D3Rec:,Command112,0b1110000,486.3420505
D3Rec:,Command113,0b1110001,490.3447423
D3Rec:,Command114,0b1110010,494.3434353
D3Rec:,Command115,0b1110011,498.3816359
D3Rec:,Command116,0b1110100,502.3951776
D3Rec:,Command117,0b1110101,506.4481627
D3Rec:,Command118,0b1110110,510.3980368
D3Rec:,Command119,0b1110111,514.4267041
D3Rec:,Command120,0b1111000,518.390741
D3Rec:,Command121,0b1111001,522.4040128
D3Rec:,Command122,0b1111010,526.4438726
D3Rec:,Command127,0b1111111,530.4270884
D3Rec:,Command124,0b1111100,534.4347063
D3Rec:,Command125,0b1111101,538.4299339
D3Rec:,Command126,0b1111110,542.4394809
D3Rec:,Command127,0b1111111,546.4820848
D3Rec:,Command128,0b10000000,550.4890402
D3Rec:,Command129,0b10000001,554.4441243
D3Rec:,Command130,0b10000010,558.4912627
D3Rec:,Command131,0b10000011,562.4394217
D3Rec:,Command132,0b10000100,566.4937723
D3Rec:,Command133,0b10000101,570.5013854
D3Rec:,Command134,0b10000110,574.5652076
D3Rec:,Command135,0b10000111,578.4842875
D3Rec:,Command136,0b10001000,582.5105418
D3Rec:,Command137,0b10001001,586.6019179
D3Rec:,Command138,0b10001010,590.5369856
D3Rec:,Command139,0b10001011,594.6130235
D3Rec:,Command140,0b10001100,598.5467604
D3Rec:,Command141,0b10001101,602.5706013
D3Rec:,Command142,0b10001110,606.6448827
D3Rec:,Command143,0b10001111,610.5836223
D3Rec:,Command144,0b10010000,614.5924866
D3Rec:,Command145,0b10010001,618.5556882
D3Rec:,Command146,0b10010010,622.5607749
D3Rec:,Command147,0b10010011,626.5757761
D3Rec:,Command148,0b10010100,630.5840179
D3Rec:,Command149,0b10010101,634.6954044
D3Rec:,Command150,0b10010110,638.6667378
D3Rec:,Command151,0b10010111,642.6332704
D3Rec:,Command152,0b10011000,646.6764664
D3Rec:,Command153,0b10011001,650.6399834
D3Rec:,Command154,0b10011010,654.7117828
D3Rec:,Command155,0b10011011,658.6569458
D3Rec:,Command156,0b10011100,662.6974308
D3Rec:,Command157,0b10011101,666.7010044
D3Rec:,Command158,0b10011110,670.7274662
D3Rec:,Command159,0b10011111,674.7267437
D3Rec:,Command160,0b10100000,678.7070248
D3Rec:,Command161,0b10100001,682.7020533
D3Rec:,Command162,0b10100010,686.7678348
D3Rec:,Command163,0b10100011,690.8704726
D3Rec:,Command164,0b10100100,694.8202166
D3Rec:,Command165,0b10100101,698.7570234
D3Rec:,Command166,0b10100110,702.780761
D3Rec:,Command167,0b10100111,706.8307077
D3Rec:,Command168,0b10101000,710.8049114
D3Rec:,Command169,0b10101001,714.815993
D3Rec:,Command170,0b10101010,718.7974608
D3Rec:,Command171,0b10101011,722.8180134
D3Rec:,Command172,0b10101100,726.8294298
D3Rec:,Command173,0b10101101,730.8410107
D3Rec:,Command174,0b10101110,734.8453838
D3Rec:,Command175,0b10101111,738.8377268
D3Rec:,Command176,0b10110000,742.8174702
D3Rec:,Command177,0b10110001,746.8187383
D3Rec:,Command178,0b10110010,750.8872302
D3Rec:,Command179,0b10110011,754.8761213
D3Rec:,Command180,0b10110100,758.8886891
D3Rec:,Command181,0b10110101,762.9025871
D3Rec:,Command182,0b10110110,766.8523
D3Rec:,Command183,0b10110111,770.8840352
D3Rec:,Command184,0b10111000,774.9120887
D3Rec:,Command185,0b10111001,778.9270279
D3Rec:,Command186,0b10111010,782.9328325
D3Rec:,Command187,0b10111011,786.9398021
D3Rec:,Command188,0b10111100,790.9241649
D3Rec:,Command189,0b10111101,795.027531
D3Rec:,Command190,0b10111110,798.9987588
D3Rec:,Command191,0b10111111,803.017506
D3Rec:,Command192,0b11000000,807.0310527
D3Rec:,Command193,0b11000001,811.063092
D3Rec:,Command194,0b11000010,815.0333017
D3Rec:,Command195,0b11000011,819.0846642
D3Rec:,Command196,0b11000100,823.0506786
D3Rec:,Command197,0b11000101,827.0506439
D3Rec:,Command198,0b11000110,831.0747681
D3Rec:,Command199,0b11000111,835.0614216
D3Rec:,Command200,0b11001000,839.080785
D3Rec:,Command201,0b11001001,843.1138558
D3Rec:,Command202,0b11001010,847.1414118
D3Rec:,Command203,0b11001011,851.0595114
D3Rec:,Command204,0b11001100,855.1495176
D3Rec:,Command205,0b11001101,859.1202511
D3Rec:,Command206,0b11001110,863.0949402
D3Rec:,Command207,0b11001111,867.1518838
D3Rec:,Command208,0b11010000,871.1942729
D3Rec:,Command209,0b11010001,875.2088593
D3Rec:,Command210,0b11010010,879.2109979
D3Rec:,Command211,0b11010011,883.1725545
D3Rec:,Command212,0b11010100,887.1811085
D3Rec:,Command213,0b11010101,891.1897586
D3Rec:,Command214,0b11010110,895.2565161
D3Rec:,Command215,0b11010111,899.1952101
D3Rec:,Command216,0b11011000,903.2781394
D3Rec:,Command217,0b11011001,907.2519895
D3Rec:,Command218,0b11011010,911.2586692
D3Rec:,Command219,0b11011011,915.2889434
D3Rec:,Command220,0b11011100,919.2299112
D3Rec:,Command221,0b11011101,923.3088833
D3Rec:,Command222,0b11011110,927.2448378
D3Rec:,Command223,0b11011111,931.2240328
D3Rec:,Command224,0b11100000,935.2874594
D3Rec:,Command225,0b11100001,939.2398064
D3Rec:,Command226,0b11100010,943.3857028
D3Rec:,Command227,0b11100011,947.3103834
D3Rec:,Command228,0b11100100,951.3154532
D3Rec:,Command229,0b11100101,955.3554521
D3Rec:,Command230,0b11100110,959.3200368
D3Rec:,Command231,0b11100111,963.3854999
D3Rec:,Command232,0b11101000,967.39775
D3Rec:,Command233,0b11101001,971.3791734
D3Rec:,Command234,0b11101010,975.4035789
D3Rec:,Command235,0b11101011,979.4231799
D3Rec:,Command236,0b11101100,983.7655316
D3Rec:,Command237,0b11101101,987.3701747
D3Rec:,Command238,0b11101110,991.7967213
D3Rec:,Command239,0b11101111,995.4927407
D3Rec:,Command240,0b11110000,999.5763793
D3Rec:,Command241,0b11110001,1003.585878
D3Rec:,Command242,0b11110010,1007.618221
D3Rec:,Command243,0b11110011,1011.620989
D3Rec:,Command244,0b11110100,1015.640759
D3Rec:,Command245,0b11110101,1019.587605
D3Rec:,Command246,0b11110110,1023.714116
D3Rec:,Command247,0b11110111,1027.640714
D3Rec:,Command248,0b11111000,1031.637022
D3Rec:,Command249,0b11111001,1035.647156
D3Rec:,Command250,0b11111010,1039.648241
D3Rec:,Command251,0b11111011,1043.682106
D3Rec:,Command252,0b11111100,1047.610449
D3Rec:,Command253,0b11111101,1051.683396
D3Rec:,Command254,0b11111110,1055.642069
D3Rec:,Command255,0b11111111,1059.6843
D4Rec:,Command229,0b11100101,12.6798813
D4Rec:,Command0,0b0,20.2085188
D4Rec:,Command1,0b1,24.239561
D4Rec:,Command2,0b10,28.1666129
D4Rec:,Command3,0b11,31.9594062
D4Rec:,Command4,0b100,35.9236854
D4Rec:,Command5,0b101,39.9946328
D4Rec:,Command6,0b110,44.0187724
D4Rec:,Command7,0b111,47.9671615
D4Rec:,Command8,0b1000,51.9960241
D4Rec:,Command9,0b1001,56.0080888
D4Rec:,Command10,0b1010,60.0161391
D4Rec:,Command11,0b1011,64.0560143
D4Rec:,Command12,0b1100,68.0412501
D4Rec:,Command13,0b1101,72.0001721
D4Rec:,Command14,0b1110,76.033379
D4Rec:,Command15,0b1111,80.0512403
D4Rec:,Command16,0b10000,84.0811281
D4Rec:,Command17,0b10001,88.1069777
D4Rec:,Command18,0b10010,92.1164633
D4Rec:,Command19,0b10011,96.1402245
D4Rec:,Command20,0b10100,100.1076118
D4Rec:,Command21,0b10101,104.1109475
D4Rec:,Command22,0b10110,108.0886536
D4Rec:,Command23,0b10111,112.1083145
D4Rec:,Command24,0b11000,116.2757148
D4Rec:,Command25,0b11001,120.1935163
D4Rec:,Command26,0b11010,124.130539
D4Rec:,Command27,0b11011,128.1561241
D4Rec:,Command28,0b11100,132.2073168
D4Rec:,Command29,0b11101,136.1816659
D4Rec:,Command30,0b11110,140.1972748
D4Rec:,Command31,0b11111,144.2026438
D4Rec:,Command32,0b100000,148.2114391
D4Rec:,Command33,0b100001,152.196527
D4Rec:,Command34,0b100010,156.2082449
D4Rec:,Command35,0b100011,160.2444893
D4Rec:,Command36,0b100100,164.27577
D4Rec:,Command37,0b100101,168.2978412
D4Rec:,Command38,0b100110,172.3091358
D4Rec:,Command39,0b100111,176.3092489
D4Rec:,Command40,0b101000,180.3493631
D4Rec:,Command41,0b101001,184.3811302
D4Rec:,Command42,0b101010,188.3493733
D4Rec:,Command43,0b101011,192.3719699
D4Rec:,Command44,0b101100,196.3495929
D4Rec:,Command45,0b101101,200.3488833
D4Rec:,Command46,0b101110,204.3692141
D4Rec:,Command47,0b101111,208.3173672
D4Rec:,Command48,0b110000,212.424804
D4Rec:,Command49,0b110001,216.3897478
D4Rec:,Command50,0b110010,220.4054486
D4Rec:,Command51,0b110011,224.4071542
D4Rec:,Command52,0b110100,228.3729079
D4Rec:,Command53,0b110101,232.4159842
D4Rec:,Command54,0b110110,236.4320411
D4Rec:,Command55,0b110111,240.4145828
D4Rec:,Command56,0b111000,244.4840623
D4Rec:,Command57,0b111001,248.5041315
D4Rec:,Command58,0b111010,252.4758366
D4Rec:,Command59,0b111011,256.5463616
D4Rec:,Command60,0b111100,260.4810582
D4Rec:,Command61,0b111101,264.5474338
D4Rec:,Command62,0b111110,268.562515
D4Rec:,Command63,0b111111,272.5730741
D4Rec:,Command64,0b1000000,276.5095931
D4Rec:,Command65,0b1000001,280.5554876
D4Rec:,Command66,0b1000010,284.5349379
D4Rec:,Command67,0b1000011,288.591366
D4Rec:,Command68,0b1000100,292.6404185
D4Rec:,Command69,0b1000101,296.5920877
D4Rec:,Command70,0b1000110,300.6219831
D4Rec:,Command71,0b1000111,304.5918977
D4Rec:,Command200,0b11001000,308.6490125
D4Rec:,Command73,0b1001001,312.6232451
D4Rec:,Command74,0b1001010,316.6459238
D4Rec:,Command75,0b1001011,320.629104
D4Rec:,Command76,0b1001100,324.7072945
D4Rec:,Command77,0b1001101,328.7008634
D4Rec:,Command78,0b1001110,332.617849
D4Rec:,Command79,0b1001111,336.663283
D4Rec:,Command80,0b1010000,340.6598438
D4Rec:,Command81,0b1010001,344.7400672
D4Rec:,Command82,0b1010010,348.7182762
D4Rec:,Command83,0b1010011,352.8160796
D4Rec:,Command84,0b1010100,356.7374884
D4Rec:,Command85,0b1010101,360.7398541
D4Rec:,Command86,0b1010110,364.7391612
D4Rec:,Command87,0b1010111,368.7604837
D4Rec:,Command88,0b1011000,372.8898739
D4Rec:,Command89,0b1011001,376.8010949
D4Rec:,Command90,0b1011010,380.7428243
D4Rec:,Command91,0b1011011,384.8159326
D4Rec:,Command92,0b1011100,388.8024375
D4Rec:,Command93,0b1011101,392.8158436
D4Rec:,Command94,0b1011110,396.8618125
D4Rec:,Command95,0b1011111,400.8964243
D4Rec:,Command96,0b1100000,404.8985081
D4Rec:,Command97,0b1100001,408.8671447
D4Rec:,Command98,0b1100010,412.8981668
D4Rec:,Command99,0b1100011,416.844367
D4Rec:,Command100,0b1100100,420.8284561
D4Rec:,Command101,0b1100101,424.8733926
D4Rec:,Command102,0b1100110,429.0145816
D4Rec:,Command103,0b1100111,432.9062645
D4Rec:,Command104,0b1101000,436.9306937
D4Rec:,Command105,0b1101001,440.9375807
D4Rec:,Command106,0b1101010,444.9935096
D4Rec:,Command107,0b1101011,449.0199896
D4Rec:,Command108,0b1101100,452.9779434
D4Rec:,Command109,0b1101101,457.0134498
D4Rec:,Command111,0b1101111,460.9584533
D4Rec:,Command111,0b1101111,465.0133407
D4Rec:,Command112,0b1110000,468.9985081
D4Rec:,Command241,0b11110001,472.9823239
D4Rec:,Command114,0b1110010,477.040605
D4Rec:,Command115,0b1110011,481.0551754
D4Rec:,Command116,0b1110100,485.0842028
D4Rec:,Command117,0b1110101,489.2093304
D4Rec:,Command118,0b1110110,493.0505526
D4Rec:,Command119,0b1110111,497.1100635
D4Rec:,Command120,0b1111000,501.1384953
D4Rec:,Command121,0b1111001,505.1452418
D4Rec:,Command122,0b1111010,509.1949224
D4Rec:,Command123,0b1111011,513.1568741
D4Rec:,Command124,0b1111100,517.1803442
D4Rec:,Command125,0b1111101,521.1177836
D4Rec:,Command126,0b1111110,525.1509227
D4Rec:,Command127,0b1111111,529.1896788
D4Rec:,Command128,0b10000000,533.2102474
D4Rec:,Command129,0b10000001,537.1881233
D4Rec:,Command130,0b10000010,541.2352393
D4Rec:,Command131,0b10000011,545.2112746
D4Rec:,Command132,0b10000100,549.3438094
D4Rec:,Command133,0b10000101,553.2168447
D4Rec:,Command134,0b10000110,557.2540947
D4Rec:,Command135,0b10000111,561.2863421
D4Rec:,Command136,0b10001000,565.2186629
D4Rec:,Command137,0b10001001,569.2831327
D4Rec:,Command138,0b10001010,573.2464638
D4Rec:,Command139,0b10001011,577.2270547
D4Rec:,Command140,0b10001100,581.3368781
D4Rec:,Command141,0b10001101,585.2894682
D4Rec:,Command142,0b10001110,589.3070843
D4Rec:,Command143,0b10001111,593.3312341
D4Rec:,Command144,0b10010000,597.3715604
D4Rec:,Command145,0b10010001,601.3876285
D4Rec:,Command146,0b10010010,605.3247485
D4Rec:,Command147,0b10010011,609.4189185
D4Rec:,Command148,0b10010100,613.3451543
D4Rec:,Command149,0b10010101,617.350515
D4Rec:,Command150,0b10010110,621.4424614
D4Rec:,Command151,0b10010111,625.353425
D4Rec:,Command152,0b10011000,629.4178626
D4Rec:,Command153,0b10011001,633.3676649
D4Rec:,Command154,0b10011010,637.4302993
D4Rec:,Command155,0b10011011,641.4836431
D4Rec:,Command156,0b10011100,645.4801459
D4Rec:,Command157,0b10011101,649.3846152
D4Rec:,Command158,0b10011110,653.435499
D4Rec:,Command159,0b10011111,657.5363076
D4Rec:,Command160,0b10100000,661.5271517
D4Rec:,Command161,0b10100001,665.5686888
D4Rec:,Command162,0b10100010,669.5952441
D4Rec:,Command163,0b10100011,673.5491837
D4Rec:,Command164,0b10100100,677.6532077
D4Rec:,Command165,0b10100101,681.5715869
D4Rec:,Command166,0b10100110,685.5776263
D4Rec:,Command167,0b10100111,689.5072749
D4Rec:,Command168,0b10101000,693.6387391
D4Rec:,Command169,0b10101001,697.5554216
D4Rec:,Command170,0b10101010,701.5782135
D4Rec:,Command171,0b10101011,705.5700997
D4Rec:,Command172,0b10101100,709.6143181
D4Rec:,Command173,0b10101101,713.6552773
D4Rec:,Command174,0b10101110,717.606119
D4Rec:,Command175,0b10101111,721.5900525
D4Rec:,Command176,0b10110000,725.7030057
D4Rec:,Command177,0b10110001,729.5899449
D4Rec:,Command178,0b10110010,733.6673802
D4Rec:,Command179,0b10110011,737.6069589
D4Rec:,Command180,0b10110100,741.6982811
D4Rec:,Command181,0b10110101,745.6331071
D4Rec:,Command182,0b10110110,749.6768437
D4Rec:,Command183,0b10110111,753.6977619
D4Rec:,Command184,0b10111000,757.7000174
D4Rec:,Command185,0b10111001,761.6948147
D4Rec:,Command186,0b10111010,765.741924
D4Rec:,Command187,0b10111011,769.7541106
D4Rec:,Command188,0b10111100,773.7698196
D4Rec:,Command189,0b10111101,777.8938979
D4Rec:,Command190,0b10111110,781.7709354
D4Rec:,Command191,0b10111111,785.7820888
D4Rec:,Command192,0b11000000,789.8006699
D4Rec:,Command193,0b11000001,793.7899851
D4Rec:,Command194,0b11000010,797.8418085
D4Rec:,Command195,0b11000011,801.9798175
D4Rec:,Command196,0b11000100,805.8766419
D4Rec:,Command197,0b11000101,809.8958263
D4Rec:,Command198,0b11000110,813.8649318
D4Rec:,Command199,0b11000111,817.8168338
D4Rec:,Command200,0b11001000,821.8479066
D4Rec:,Command201,0b11001001,825.9140855
D4Rec:,Command202,0b11001010,829.9192444
D4Rec:,Command203,0b11001011,833.926217
D4Rec:,Command204,0b11001100,837.9529677
D4Rec:,Command205,0b11001101,841.911425
D4Rec:,Command206,0b11001110,845.9268222
D4Rec:,Command207,0b11001111,849.9655452
D4Rec:,Command208,0b11010000,854.0065509
D4Rec:,Command209,0b11010001,857.9500041
D4Rec:,Command210,0b11010010,862.0166909
D4Rec:,Command211,0b11010011,866.0249085
D4Rec:,Command212,0b11010100,869.9838358
D4Rec:,Command213,0b11010101,874.0148451
D4Rec:,Command214,0b11010110,878.0849429
D4Rec:,Command215,0b11010111,882.0947208
D4Rec:,Command216,0b11011000,886.0255433
D4Rec:,Command217,0b11011001,890.0832801
D4Rec:,Command218,0b11011010,894.1088168
D4Rec:,Command219,0b11011011,898.076396
D4Rec:,Command220,0b11011100,902.0827076
D4Rec:,Command221,0b11011101,906.1171414
D4Rec:,Command222,0b11011110,910.1375355
D4Rec:,Command223,0b11011111,914.0707832
D4Rec:,Command224,0b11100000,918.1118144
D4Rec:,Command225,0b11100001,922.1484482
D4Rec:,Command226,0b11100010,926.1396794
D4Rec:,Command227,0b11100011,930.1595367
D4Rec:,Command228,0b11100100,934.220109
D4Rec:,Command229,0b11100101,938.1260568
D4Rec:,Command230,0b11100110,942.1626993
D4Rec:,Command231,0b11100111,946.1935381
D4Rec:,Command232,0b11101000,950.186338
D4Rec:,Command233,0b11101001,954.1539843
D4Rec:,Command234,0b11101010,958.2271465
D4Rec:,Command235,0b11101011,962.3376186
D4Rec:,Command236,0b11101100,966.180375
D4Rec:,Command237,0b11101101,970.4474628
D4Rec:,Command238,0b11101110,974.2287621
D4Rec:,Command239,0b11101111,978.2486516
D4Rec:,Command240,0b11110000,982.2489542
D4Rec:,Command241,0b11110001,986.2728013
D4Rec:,Command242,0b11110010,990.3411072
D4Rec:,Command243,0b11110011,994.2883036
D4Rec:,Command244,0b11110100,998.3177874
D4Rec:,Command245,0b11110101,1002.413494
D4Rec:,Command246,0b11110110,1006.400117
D4Rec:,Command247,0b11110111,1010.377174
D4Rec:,Command248,0b11111000,1014.387796
D4Rec:,Command249,0b11111001,1018.404933
D4Rec:,Command250,0b11111010,1022.445659
D4Rec:,Command251,0b11111011,1026.37935
D4Rec:,Command252,0b11111100,1030.403055
D4Rec:,Command253,0b11111101,1034.404914
D4Rec:,Command254,0b11111110,1038.420862
D4Rec:,Command255,0b11111111,1042.418865
D4Rec:,Command229,0b11100101,1104.465781
D4Rec:,Command229,0b11100101,1110.376734
D5Rec:,Command0,0b0,4.7711854
D5Rec:,Command1,0b1,8.7120089
D5Rec:,Command2,0b10,12.4283049
D5Rec:,Command3,0b11,16.3599278
D5Rec:,Command4,0b100,20.3738354
D5Rec:,Command5,0b101,24.4659141
D5Rec:,Command6,0b110,28.4473939
D5Rec:,Command7,0b111,32.4366281
D5Rec:,Command8,0b1000,36.3851164
D5Rec:,Command9,0b1001,40.5690168
D5Rec:,Command10,0b1010,44.5037324
D5Rec:,Command11,0b1011,48.4611863
D5Rec:,Command12,0b1100,52.4798284
D5Rec:,Command13,0b1101,56.3949378
D5Rec:,Command14,0b1110,60.4964793
D5Rec:,Command15,0b1111,64.4480994
D5Rec:,Command16,0b10000,68.4654627
D5Rec:,Command17,0b10001,72.4811852
D5Rec:,Command18,0b10010,76.5330377
D5Rec:,Command19,0b10011,80.5303106
D5Rec:,Command20,0b10100,84.5130749
D5Rec:,Command21,0b10101,88.5085084
D5Rec:,Command22,0b10110,92.5417369
D5Rec:,Command23,0b10111,96.5623215
D5Rec:,Command24,0b11000,100.5974682
D5Rec:,Command25,0b11001,104.5631554
D5Rec:,Command26,0b11010,108.6894863
D5Rec:,Command27,0b11011,112.9020624
D5Rec:,Command28,0b11100,116.8903531
D5Rec:,Command29,0b11101,120.8235153
D5Rec:,Command30,0b11110,124.7338068
D5Rec:,Command31,0b11111,128.7852927
D5Rec:,Command32,0b100000,132.7426298
D5Rec:,Command33,0b100001,136.6854027
D5Rec:,Command34,0b100010,140.6724042
D5Rec:,Command35,0b100011,144.780283
D5Rec:,Command36,0b100100,148.8088189
D5Rec:,Command37,0b100101,152.7100183
D5Rec:,Command38,0b100110,156.7747336
D5Rec:,Command39,0b100111,160.7838398
D5Rec:,Command40,0b101000,164.8068958
D5Rec:,Command41,0b101001,168.7401804
D5Rec:,Command42,0b101010,172.8397423
D5Rec:,Command43,0b101011,176.7928501
D5Rec:,Command44,0b101100,180.8538711
D5Rec:,Command45,0b101101,184.7758854
D5Rec:,Command46,0b101110,188.7898749
D5Rec:,Command47,0b101111,192.8057735
D5Rec:,Command48,0b110000,196.8553133
D5Rec:,Command49,0b110001,200.9536305
D5Rec:,Command50,0b110010,204.8369596
D5Rec:,Command51,0b110011,208.8522712
D5Rec:,Command52,0b110100,212.866789
D5Rec:,Command53,0b110101,216.8784111
D5Rec:,Command54,0b110110,220.8754329
D5Rec:,Command55,0b110111,224.813101
D5Rec:,Command56,0b111000,228.9615055
D5Rec:,Command57,0b111001,232.9821315
D5Rec:,Command58,0b111010,237.038359
D5Rec:,Command59,0b111011,240.9384035
D5Rec:,Command60,0b111100,244.9596681
D5Rec:,Command61,0b111101,248.9620926
D5Rec:,Command62,0b111110,252.9736544
D5Rec:,Command63,0b111111,256.9305295
D5Rec:,Command64,0b1000000,261.3962918
D5Rec:,Command65,0b1000001,265.2183491
D5Rec:,Command66,0b1000010,269.2258753
D5Rec:,Command67,0b1000011,273.2339534
D5Rec:,Command68,0b1000100,277.1586518
D5Rec:,Command69,0b1000101,281.2033819
D5Rec:,Command70,0b1000110,285.3519445
D5Rec:,Command71,0b1000111,289.3858705
D5Rec:,Command72,0b1001000,293.3023699
D5Rec:,Command73,0b1001001,297.3124503
D5Rec:,Command74,0b1001010,301.2257864
D5Rec:,Command75,0b1001011,305.3008016
D5Rec:,Command76,0b1001100,309.3240312
D5Rec:,Command77,0b1001101,313.3990702
D5Rec:,Command78,0b1001110,317.3006869
D5Rec:,Command79,0b1001111,321.3202216
D5Rec:,Command80,0b1010000,325.3980153
D5Rec:,Command81,0b1010001,329.3447084
D5Rec:,Command82,0b1010010,333.3106212
D5Rec:,Command83,0b1010011,337.7065852
D5Rec:,Command84,0b1010100,341.5514786
D5Rec:,Command85,0b1010101,345.3752284
D5Rec:,Command86,0b1010110,349.3639711
D5Rec:,Command87,0b1010111,353.3778705
D5Rec:,Command88,0b1011000,357.364492
D5Rec:,Command89,0b1011001,361.4451654
D5Rec:,Command90,0b1011010,365.37399
D5Rec:,Command91,0b1011011,369.4220706
D5Rec:,Command92,0b1011100,373.3809967
D5Rec:,Command93,0b1011101,377.3799719
D5Rec:,Command94,0b1011110,381.3452809
D5Rec:,Command95,0b1011111,385.4479955
D5Rec:,Command96,0b1100000,389.5205657
D5Rec:,Command97,0b1100001,393.4557361
D5Rec:,Command98,0b1100010,397.4059044
D5Rec:,Command99,0b1100011,401.4436287
D5Rec:,Command100,0b1100100,405.4100026
D5Rec:,Command101,0b1100101,409.4711574
D5Rec:,Command102,0b1100110,413.5041083
D5Rec:,Command103,0b1100111,417.5036816
D5Rec:,Command104,0b1101000,421.5151049
D5Rec:,Command105,0b1101001,425.466251
D5Rec:,Command106,0b1101010,429.5393685
D5Rec:,Command107,0b1101011,433.5162767
D5Rec:,Command108,0b1101100,437.5213474
D5Rec:,Command109,0b1101101,441.5688019
D5Rec:,Command110,0b1101110,445.6011037
D5Rec:,Command111,0b1101111,449.6373525
D5Rec:,Command112,0b1110000,453.6021329
D5Rec:,Command113,0b1110001,457.5999838
D5Rec:,Command114,0b1110010,461.6139008
D5Rec:,Command115,0b1110011,465.6185217
D5Rec:,Command116,0b1110100,469.6480258
D5Rec:,Command117,0b1110101,473.6653119
D5Rec:,Command118,0b1110110,477.682249
D5Rec:,Command119,0b1110111,481.6634417
D5Rec:,Command120,0b1111000,485.6723483
D5Rec:,Command121,0b1111001,489.6839139
D5Rec:,Command122,0b1111010,493.6316257
D5Rec:,Command123,0b1111011,497.6950973
D5Rec:,Command124,0b1111100,501.6454841
D5Rec:,Command125,0b1111101,505.6959517
D5Rec:,Command126,0b1111110,509.7560901
D5Rec:,Command127,0b1111111,513.7335904
D5Rec:,Command128,0b10000000,517.8109417
D5Rec:,Command129,0b10000001,521.7009952
D5Rec:,Command130,0b10000010,525.7766653
D5Rec:,Command131,0b10000011,529.7490035
D5Rec:,Command132,0b10000100,533.7921275
D5Rec:,Command133,0b10000101,537.8096259
D5Rec:,Command134,0b10000110,541.7782103
D5Rec:,Command135,0b10000111,545.7686989
D5Rec:,Command136,0b10001000,549.7756634
D5Rec:,Command137,0b10001001,553.7812661
D5Rec:,Command138,0b10001010,557.8488696
D5Rec:,Command139,0b10001011,561.8239641
D5Rec:,Command140,0b10001100,565.9186051
D5Rec:,Command141,0b10001101,569.9074821
D5Rec:,Command142,0b10001110,573.867651
D5Rec:,Command143,0b10001111,577.8880209
D5Rec:,Command144,0b10010000,581.8828382
D5Rec:,Command145,0b10010001,585.8863049
D5Rec:,Command146,0b10010010,589.8951535
D5Rec:,Command147,0b10010011,593.8918608
D5Rec:,Command148,0b10010100,597.8944108
D5Rec:,Command149,0b10010101,601.9466383
D5Rec:,Command150,0b10010110,605.8967795
D5Rec:,Command151,0b10010111,609.9499727
D5Rec:,Command152,0b10011000,613.9548006
D5Rec:,Command153,0b10011001,618.0166421
D5Rec:,Command154,0b10011010,622.0398089
D5Rec:,Command155,0b10011011,625.9911136
D5Rec:,Command156,0b10011100,630.012032
D5Rec:,Command157,0b10011101,633.9866609
D5Rec:,Command158,0b10011110,638.0638304
D5Rec:,Command159,0b10011111,642.0895789
D5Rec:,Command160,0b10100000,646.0534299
D5Rec:,Command161,0b10100001,650.1351258
D5Rec:,Command162,0b10100010,654.0511705
D5Rec:,Command163,0b10100011,658.0915582
D5Rec:,Command164,0b10100100,662.282411
D5Rec:,Command165,0b10100101,666.1015773
D5Rec:,Command166,0b10100110,670.0678558
D5Rec:,Command167,0b10100111,674.1283226
D5Rec:,Command168,0b10101000,678.1452387
D5Rec:,Command169,0b10101001,682.1041747
D5Rec:,Command170,0b10101010,686.1400938
D5Rec:,Command171,0b10101011,690.1477621
D5Rec:,Command172,0b10101100,694.159723
D5Rec:,Command173,0b10101101,698.1813327
D5Rec:,Command174,0b10101110,702.2144025
D5Rec:,Command175,0b10101111,706.2584991
D5Rec:,Command176,0b10110000,710.2434522
D5Rec:,Command177,0b10110001,714.1983289
D5Rec:,Command178,0b10110010,718.1577681
D5Rec:,Command179,0b10110011,722.1856275
D5Rec:,Command180,0b10110100,726.2622493
D5Rec:,Command181,0b10110101,730.2755765
D5Rec:,Command182,0b10110110,734.2877653
D5Rec:,Command183,0b10110111,738.2796379
D5Rec:,Command184,0b10111000,742.3610842
D5Rec:,Command185,0b10111001,746.238596
D5Rec:,Command186,0b10111010,750.2732197
D5Rec:,Command187,0b10111011,754.3346543
D5Rec:,Command188,0b10111100,758.337725
D5Rec:,Command189,0b10111101,762.3514557
D5Rec:,Command190,0b10111110,766.4092081
D5Rec:,Command191,0b10111111,770.3635569
D5Rec:,Command192,0b11000000,774.394085
D5Rec:,Command193,0b11000001,778.4089264
D5Rec:,Command194,0b11000010,782.3626734
D5Rec:,Command195,0b11000011,786.4348878
D5Rec:,Command196,0b11000100,790.3657501
D5Rec:,Command197,0b11000101,794.4646312
D5Rec:,Command198,0b11000110,798.3760378
D5Rec:,Command199,0b11000111,802.5157691
D5Rec:,Command200,0b11001000,806.4186427
D5Rec:,Command201,0b11001001,810.4573333
D5Rec:,Command202,0b11001010,814.4482273
D5Rec:,Command203,0b11001011,818.451667
D5Rec:,Command204,0b11001100,822.4860845
D5Rec:,Command205,0b11001101,826.4225443
D5Rec:,Command206,0b11001110,830.4559788
D5Rec:,Command207,0b11001111,834.5443654
D5Rec:,Command208,0b11010000,838.4844411
D5Rec:,Command209,0b11010001,842.5300087
D5Rec:,Command210,0b11010010,846.5972398
D5Rec:,Command211,0b11010011,850.4944609
D5Rec:,Command212,0b11010100,854.5308368
D5Rec:,Command213,0b11010101,858.5506003
D5Rec:,Command214,0b11010110,862.5795513
D5Rec:,Command215,0b11010111,866.620435
D5Rec:,Command216,0b11011000,870.5655067
D5Rec:,Command217,0b11011001,874.6121732
D5Rec:,Command218,0b11011010,878.630814
D5Rec:,Command219,0b11011011,882.6338605
D5Rec:,Command220,0b11011100,886.6708924
D5Rec:,Command221,0b11011101,890.6379686
D5Rec:,Command222,0b11011110,894.7126703
D5Rec:,Command223,0b11011111,898.776409
D5Rec:,Command224,0b11100000,902.6828476
D5Rec:,Command225,0b11100001,906.7107441
D5Rec:,Command226,0b11100010,910.7161906
D5Rec:,Command227,0b11100011,914.6791618
D5Rec:,Command228,0b11100100,918.696309
D5Rec:,Command229,0b11100101,922.7096255
D5Rec:,Command230,0b11100110,926.6759724
D5Rec:,Command231,0b11100111,930.742145
D5Rec:,Command232,0b11101000,934.8876189
D5Rec:,Command233,0b11101001,938.7848701
D5Rec:,Command234,0b11101010,942.7860973
D5Rec:,Command235,0b11101011,946.7337359
D5Rec:,Command236,0b11101100,950.8056666
D5Rec:,Command237,0b11101101,954.7948606
D5Rec:,Command238,0b11101110,958.7999287
D5Rec:,Command239,0b11101111,962.7529687
D5Rec:,Command240,0b11110000,966.8244384
D5Rec:,Command241,0b11110001,970.8381016
D5Rec:,Command242,0b11110010,974.8355836
D5Rec:,Command243,0b11110011,978.8279601
D5Rec:,Command244,0b11110100,982.8938672
D5Rec:,Command245,0b11110101,986.8642726
D5Rec:,Command246,0b11110110,990.9712365
D5Rec:,Command247,0b11110111,994.9337941
D5Rec:,Command248,0b11111000,998.9557576
D5Rec:,Command249,0b11111001,1002.935951
D5Rec:,Command250,0b11111010,1007.069742
D5Rec:,Command251,0b11111011,1010.963496
D5Rec:,Command252,0b11111100,1014.942831
D5Rec:,Command253,0b11111101,1019.064225
D5Rec:,Command254,0b11111110,1023.058205
D5Rec:,Command255,0b11111111,1027.000153
D5Rec:,Command229,0b11100101,1087.449323
D5Rec:,Command229,0b11100101,1093.455106
D5Rec:,Command229,0b11100101,1100.971694
D5Rec:,Command0,0b0,1
D5Rec:,Command1,0b1,2
D6Rec:,Command2,0b10,6.9250509
D6Rec:,Command3,0b11,10.5531803
D6Rec:,Command4,0b100,14.6632002
D6Rec:,Command5,0b101,18.5843901
D6Rec:,Command6,0b110,22.6535119
D6Rec:,Command7,0b111,26.6031546
D6Rec:,Command8,0b1000,30.5961712
D6Rec:,Command9,0b1001,34.6470904
D6Rec:,Command10,0b1010,38.6487898
D6Rec:,Command11,0b1011,42.6225271
D6Rec:,Command12,0b1100,46.6375124
D6Rec:,Command13,0b1101,50.6509078
D6Rec:,Command14,0b1110,54.7460488
D6Rec:,Command15,0b1111,58.7093533
D6Rec:,Command16,0b10000,62.6845815
D6Rec:,Command17,0b10001,66.7503853
D6Rec:,Command18,0b10010,70.7075748
D6Rec:,Command19,0b10011,74.8069774
D6Rec:,Command20,0b10100,78.6793237
D6Rec:,Command21,0b10101,83.2073277
D6Rec:,Command22,0b10110,86.756134
D6Rec:,Command23,0b10111,90.7458817
D6Rec:,Command24,0b11000,94.8925219
D6Rec:,Command25,0b11001,98.791094
D6Rec:,Command26,0b11010,102.7910214
D6Rec:,Command27,0b11011,106.7920831
D6Rec:,Command28,0b11100,110.8077171
D6Rec:,Command29,0b11101,114.8771475
D6Rec:,Command30,0b11110,118.9294347
D6Rec:,Command31,0b11111,122.8127692
D6Rec:,Command32,0b100000,126.8915691
D6Rec:,Command33,0b100001,130.8860523
D6Rec:,Command34,0b100010,134.9312276
D6Rec:,Command35,0b100011,138.9434753
D6Rec:,Command36,0b100100,142.9240354
D6Rec:,Command37,0b100101,146.9048625
D6Rec:,Command38,0b100110,150.9248124
D6Rec:,Command39,0b100111,154.9452469
D6Rec:,Command40,0b101000,158.9502121
D6Rec:,Command41,0b101001,162.9117465
D6Rec:,Command42,0b101010,166.9736744
D6Rec:,Command43,0b101011,170.9419428
D6Rec:,Command44,0b101100,175.0049931
D6Rec:,Command45,0b101101,179.0152729
D6Rec:,Command46,0b101110,183.0342719
D6Rec:,Command47,0b101111,186.970596
D6Rec:,Command48,0b110000,191.0136938
D6Rec:,Command49,0b110001,195.069365
D6Rec:,Command50,0b110010,199.0293092
D6Rec:,Command51,0b110011,203.0387496
D6Rec:,Command52,0b110100,207.0647156
D6Rec:,Command53,0b110101,211.0352565
D6Rec:,Command54,0b110110,215.079377
D6Rec:,Command55,0b110111,219.0621205
D6Rec:,Command56,0b111000,223.113799
D6Rec:,Command57,0b111001,227.1054945
D6Rec:,Command58,0b111010,231.0988892
D6Rec:,Command59,0b111011,235.1265284
D6Rec:,Command60,0b111100,239.218119
D6Rec:,Command61,0b111101,243.2105807
D6Rec:,Command62,0b111110,247.1954415
D6Rec:,Command63,0b111111,251.124294
D6Rec:,Command64,0b1000000,255.2159352
D6Rec:,Command65,0b1000001,259.3194336
D6Rec:,Command66,0b1000010,263.1781557
D6Rec:,Command67,0b1000011,267.1786256
D6Rec:,Command68,0b1000100,271.3852652
D6Rec:,Command69,0b1000101,278.9397659
D6Rec:,Command24,0b11000,280.1896661
D6Rec:,Command71,0b1000111,284.3995574
D6Rec:,Command72,0b1001000,288.1988959
D6Rec:,Command73,0b1001001,292.2903559
D6Rec:,Command74,0b1001010,296.211879
D6Rec:,Command75,0b1001011,299.9484553
D6Rec:,Command76,0b1001100,304.0153258
D6Rec:,Command77,0b1001101,308.0603724
D6Rec:,Command78,0b1001110,312.133131
D6Rec:,Command79,0b1001111,316.0587783
D6Rec:,Command80,0b1010000,320.0887115
D6Rec:,Command81,0b1010001,324.0591869
D6Rec:,Command82,0b1010010,328.0246956
D6Rec:,Command83,0b1010011,332.086952
D6Rec:,Command84,0b1010100,833.0899938
D6Rec:,Command85,0b1010101,836.6415122
D6Rec:,Command86,0b1010110,840.5791437
D6Rec:,Command87,0b1010111,844.6434353
D6Rec:,Command88,0b1011000,848.5445305
D6Rec:,Command89,0b1011001,852.7299766
D6Rec:,Command90,0b1011010,856.6852103
D6Rec:,Command91,0b1011011,860.7355964
D6Rec:,Command92,0b1011100,864.5432263
D6Rec:,Command93,0b1011101,868.6505577
D6Rec:,Command94,0b1011110,872.6846655
D6Rec:,Command95,0b1011111,876.6217394
D6Rec:,Command96,0b1100000,880.6767834
D6Rec:,Command97,0b1100001,884.7121604
D6Rec:,Command98,0b1100010,888.6476361
D6Rec:,Command99,0b1100011,892.7002485
D6Rec:,Command100,0b1100100,896.7093402
D6Rec:,Command101,0b1100101,900.7080752
D6Rec:,Command102,0b1100110,904.7269844
D6Rec:,Command103,0b1100111,908.7404722
D6Rec:,Command104,0b1101000,912.722097
D6Rec:,Command105,0b1101001,916.7413152
D6Rec:,Command106,0b1101010,920.7610497
D6Rec:,Command107,0b1101011,924.7521879
D6Rec:,Command108,0b1101100,928.8158278
D6Rec:,Command109,0b1101101,932.6593261
D6Rec:,Command110,0b1101110,936.6987817
D6Rec:,Command111,0b1101111,940.7033646
D6Rec:,Command112,0b1110000,944.7661903
D6Rec:,Command113,0b1110001,948.7874689
D6Rec:,Command114,0b1110010,952.8113701
D6Rec:,Command115,0b1110011,956.6880074
D6Rec:,Command116,0b1110100,960.81786
D6Rec:,Command117,0b1110101,964.7023508
D6Rec:,Command118,0b1110110,968.8553001
D6Rec:,Command119,0b1110111,972.7530139
D6Rec:,Command120,0b1111000,976.7547788
D6Rec:,Command121,0b1111001,980.7901517
D6Rec:,Command122,0b1111010,984.772769
D6Rec:,Command123,0b1111011,988.8253727
D6Rec:,Command124,0b1111100,992.8563773
D6Rec:,Command125,0b1111101,996.9075585
D6Rec:,Command126,0b1111110,1000.90514
D6Rec:,Command127,0b1111111,1004.806746
D6Rec:,Command128,0b10000000,1008.909307
D6Rec:,Command129,0b10000001,1012.803177
D6Rec:,Command130,0b10000010,1016.966911
D6Rec:,Command131,0b10000011,1020.806037
D6Rec:,Command132,0b10000100,1024.952297
D6Rec:,Command133,0b10000101,1028.860892
D6Rec:,Command134,0b10000110,1032.926707
D6Rec:,Command135,0b10000111,1036.955126
D6Rec:,Command136,0b10001000,1040.830602
D6Rec:,Command137,0b10001001,1044.978982
D6Rec:,Command138,0b10001010,1048.990085
D6Rec:,Command139,0b10001011,1052.995466
D6Rec:,Command140,0b10001100,1056.883044
D6Rec:,Command141,0b10001101,1060.898156
D6Rec:,Command142,0b10001110,1065.038813
D6Rec:,Command143,0b10001111,1068.877326
D6Rec:,Command144,0b10010000,1072.853175
D6Rec:,Command145,0b10010001,1076.882827
D6Rec:,Command146,0b10010010,1080.930104
D6Rec:,Command147,0b10010011,1084.988004
D6Rec:,Command148,0b10010100,1088.953665
D6Rec:,Command149,0b10010101,1092.983772
D6Rec:,Command150,0b10010110,1097.028926
D6Rec:,Command151,0b10010111,1100.970009
D6Rec:,Command152,0b10011000,1105.008364
D6Rec:,Command153,0b10011001,1109.000074
D6Rec:,Command154,0b10011010,1112.945217
D6Rec:,Command155,0b10011011,1116.976553
D6Rec:,Command156,0b10011100,1120.975288
D6Rec:,Command157,0b10011101,1125.025816
D6Rec:,Command158,0b10011110,1129.019267
D6Rec:,Command159,0b10011111,1133.012429
D6Rec:,Command160,0b10100000,1137.040691
D6Rec:,Command161,0b10100001,1141.026334
D6Rec:,Command162,0b10100010,1145.13315
D6Rec:,Command163,0b10100011,1149.060202
D6Rec:,Command164,0b10100100,1153.072817
D6Rec:,Command165,0b10100101,1157.091931
D6Rec:,Command166,0b10100110,1161.087322
D6Rec:,Command167,0b10100111,1165.040006
D6Rec:,Command168,0b10101000,1169.057569
D6Rec:,Command169,0b10101001,1173.08104
D6Rec:,Command170,0b10101010,1177.102517
D6Rec:,Command171,0b10101011,1181.105514
D6Rec:,Command172,0b10101100,1185.090073
D6Rec:,Command173,0b10101101,1189.115247
D6Rec:,Command174,0b10101110,1193.146323
D6Rec:,Command175,0b10101111,1197.150104
D6Rec:,Command176,0b10110000,1201.133476
D6Rec:,Command177,0b10110001,1205.159012
D6Rec:,Command178,0b10110010,1209.31062
D6Rec:,Command179,0b10110011,1213.101177
D6Rec:,Command180,0b10110100,1217.162956
D6Rec:,Command181,0b10110101,1221.231087
D6Rec:,Command182,0b10110110,1225.258715
D6Rec:,Command183,0b10110111,1229.259291
D6Rec:,Command184,0b10111000,1233.153775
D6Rec:,Command185,0b10111001,1237.282574
D6Rec:,Command186,0b10111010,1241.270978
D6Rec:,Command187,0b10111011,1245.286661
D6Rec:,Command188,0b10111100,1249.274496
D6Rec:,Command189,0b10111101,1253.287984
D6Rec:,Command190,0b10111110,1257.291944
D6Rec:,Command191,0b10111111,1261.300771
D6Rec:,Command192,0b11000000,1265.316622
D6Rec:,Command193,0b11000001,1269.311817
D6Rec:,Command194,0b11000010,1273.302
D6Rec:,Command195,0b11000011,1277.307965
D6Rec:,Command196,0b11000100,1281.303585
D6Rec:,Command197,0b11000101,1285.317682
D6Rec:,Command198,0b11000110,1289.343515
D6Rec:,Command199,0b11000111,1293.337135
D6Rec:,Command200,0b11001000,1297.341352
D6Rec:,Command201,0b11001001,1301.352329
D6Rec:,Command202,0b11001010,1305.343688
D6Rec:,Command203,0b11001011,1309.29358
D6Rec:,Command204,0b11001100,1313.369999
D6Rec:,Command205,0b11001101,1317.266408
D6Rec:,Command206,0b11001110,1321.394583
D6Rec:,Command207,0b11001111,1325.280005
D6Rec:,Command208,0b11010000,1329.346425
D6Rec:,Command209,0b11010001,1333.25955
D6Rec:,Command210,0b11010010,1337.378734
D6Rec:,Command211,0b11010011,1341.39421
D6Rec:,Command212,0b11010100,1345.353258
D6Rec:,Command213,0b11010101,1349.329019
D6Rec:,Command214,0b11010110,1353.352331
D6Rec:,Command215,0b11010111,1357.355559
D6Rec:,Command216,0b11011000,1361.408601
D6Rec:,Command217,0b11011001,1365.390219
D6Rec:,Command218,0b11011010,1369.400098
D6Rec:,Command219,0b11011011,1373.389862
D6Rec:,Command220,0b11011100,1377.424959
D6Rec:,Command221,0b11011101,1381.424387
D6Rec:,Command222,0b11011110,1385.432911
D6Rec:,Command223,0b11011111,1389.39342
D6Rec:,Command224,0b11100000,1393.441865
D6Rec:,Command225,0b11100001,1397.478861
D6Rec:,Command226,0b11100010,1401.447304
D6Rec:,Command227,0b11100011,1405.458454
D6Rec:,Command228,0b11100100,1409.475277
D6Rec:,Command229,0b11100101,1413.500148
D6Rec:,Command230,0b11100110,1417.4519
D6Rec:,Command231,0b11100111,1421.505193
D6Rec:,Command232,0b11101000,1425.487628
D6Rec:,Command233,0b11101001,1429.441449
D6Rec:,Command234,0b11101010,1433.486186
D6Rec:,Command235,0b11101011,1437.365697
D6Rec:,Command236,0b11101100,1441.482392
D6Rec:,Command237,0b11101101,1445.502053
D6Rec:,Command238,0b11101110,1449.476955
D6Rec:,Command239,0b11101111,1453.493497
D6Rec:,Command240,0b11110000,1457.503077
D6Rec:,Command241,0b11110001,1461.481763
D6Rec:,Command242,0b11110010,1465.513661
D6Rec:,Command243,0b11110011,1469.532537
D6Rec:,Command244,0b11110100,1473.537518
D6Rec:,Command245,0b11110101,1477.545304
D6Rec:,Command246,0b11110110,1481.454922
D6Rec:,Command247,0b11110111,1485.530029
D6Rec:,Command248,0b11111000,1489.559932
D6Rec:,Command249,0b11111001,1493.591652
D6Rec:,Command250,0b11111010,1497.569901
D6Rec:,Command251,0b11111011,1501.580283
D6Rec:,Command252,0b11111100,1505.525599
D6Rec:,Command253,0b11111101,1509.581158
D6Rec:,Command254,0b11111110,1513.4769
D6Rec:,Command255,0b11111111,1517.473656
D6Rec:,Command229,0b11100101,1611.521507
D6Rec:,Command229,0b11100101,1616.948515
D6Rec:,Command229,0b11100101,1624.451099
D6Rec:,Command0,0b0,1632.484482
D6Rec:,Command1,0b1,1636.493576
D7Rec:,Command5,0b101,6.7943096
D7Rec:,Command6,0b110,10.6591001
D7Rec:,Command7,0b111,14.6551733
D7Rec:,Command8,0b1000,18.6212172
D7Rec:,Command9,0b1001,22.5665594
D7Rec:,Command10,0b1010,26.6535543
D7Rec:,Command11,0b1011,30.6588643
D7Rec:,Command12,0b1100,34.643555
D7Rec:,Command13,0b1101,38.6702577
D7Rec:,Command14,0b1110,42.6554155
D7Rec:,Command15,0b1111,46.6866215
D7Rec:,Command16,0b10000,50.6895083
D7Rec:,Command17,0b10001,54.6581866
D7Rec:,Command18,0b10010,58.7358266
D7Rec:,Command19,0b10011,62.7307502
D7Rec:,Command20,0b10100,66.7146771
D7Rec:,Command21,0b10101,70.7374219
D7Rec:,Command22,0b10110,74.7202151
D7Rec:,Command23,0b10111,78.7274766
D7Rec:,Command24,0b11000,82.7082129
D7Rec:,Command25,0b11001,86.7545169
D7Rec:,Command26,0b11010,90.7091656
D7Rec:,Command27,0b11011,94.7360058
D7Rec:,Command28,0b11100,98.7584725
D7Rec:,Command29,0b11101,102.7718823
D7Rec:,Command30,0b11110,106.7277485
D7Rec:,Command31,0b11111,110.7704176
D7Rec:,Command32,0b100000,114.7579103
D7Rec:,Command33,0b100001,118.7692173
D7Rec:,Command34,0b100010,122.7122204
D7Rec:,Command35,0b100011,126.7816662
D7Rec:,Command36,0b100100,130.7585315
D7Rec:,Command37,0b100101,134.8026343
D7Rec:,Command38,0b100110,138.848101
D7Rec:,Command39,0b100111,142.7993585
D7Rec:,Command40,0b101000,146.8090817
D7Rec:,Command41,0b101001,150.8201098
D7Rec:,Command42,0b101010,154.8500878
D7Rec:,Command43,0b101011,158.8195009
D7Rec:,Command44,0b101100,162.8342997
D7Rec:,Command45,0b101101,166.8345372
D7Rec:,Command46,0b101110,170.8644944
D7Rec:,Command47,0b101111,174.8537859
D7Rec:,Command48,0b110000,178.8615183
D7Rec:,Command49,0b110001,182.8655229
D7Rec:,Command50,0b110010,186.6918331
D7Rec:,Command51,0b110011,190.8308024
D7Rec:,Command52,0b110100,194.9300782
D7Rec:,Command53,0b110101,198.9232256
D7Rec:,Command54,0b110110,202.8848799
D7Rec:,Command55,0b110111,206.8929846
D7Rec:,Command56,0b111000,210.9191327
D7Rec:,Command57,0b111001,214.8781554
D7Rec:,Command58,0b111010,218.8868513
D7Rec:,Command59,0b111011,222.9129387
D7Rec:,Command60,0b111100,226.9142004
D7Rec:,Command61,0b111101,230.9344686
D7Rec:,Command62,0b111110,234.9188343
D7Rec:,Command63,0b111111,238.8421218
D7Rec:,Command64,0b1000000,242.9451551
D7Rec:,Command65,0b1000001,246.9522115
D7Rec:,Command66,0b1000010,250.9065536
D7Rec:,Command67,0b1000011,254.929558
D7Rec:,Command68,0b1000100,258.9257315
D7Rec:,Command69,0b1000101,262.9481773
D7Rec:,Command70,0b1000110,266.934771
D7Rec:,Command71,0b1000111,270.9731774
D7Rec:,Command72,0b1001000,274.9494084
D7Rec:,Command73,0b1001001,278.9896985
D7Rec:,Command74,0b1001010,282.9265013
D7Rec:,Command75,0b1001011,286.9695684
D7Rec:,Command76,0b1001100,290.9482219
D7Rec:,Command77,0b1001101,294.9568929
D7Rec:,Command78,0b1001110,298.973623
D7Rec:,Command79,0b1001111,303.0412064
D7Rec:,Command80,0b1010000,307.0045745
D7Rec:,Command81,0b1010001,311.0053151
D7Rec:,Command82,0b1010010,315.0039236
D7Rec:,Command83,0b1010011,319.0148592
D7Rec:,Command84,0b1010100,323.017744
D7Rec:,Command85,0b1010101,326.9985587
D7Rec:,Command86,0b1010110,331.0169897
D7Rec:,Command87,0b1010111,335.0379767
D7Rec:,Command88,0b1011000,339.0374541
D7Rec:,Command89,0b1011001,343.0622467
D7Rec:,Command90,0b1011010,347.0919828
D7Rec:,Command91,0b1011011,351.0233772
D7Rec:,Command92,0b1011100,355.0507273
D7Rec:,Command93,0b1011101,359.0456634
D7Rec:,Command94,0b1011110,363.0812798
D7Rec:,Command95,0b1011111,367.0696796
D7Rec:,Command96,0b1100000,370.9452242
D7Rec:,Command97,0b1100001,375.0701304
D7Rec:,Command98,0b1100010,379.0978171
D7Rec:,Command99,0b1100011,383.0753439
D7Rec:,Command100,0b1100100,387.0955476
D7Rec:,Command101,0b1100101,391.1256241
D7Rec:,Command102,0b1100110,395.0233051
D7Rec:,Command103,0b1100111,399.1448591
D7Rec:,Command104,0b1101000,403.0811428
D7Rec:,Command105,0b1101001,407.0920911
D7Rec:,Command106,0b1101010,411.1086729
D7Rec:,Command107,0b1101011,414.9902759
D7Rec:,Command108,0b1101100,419.1349406
D7Rec:,Command109,0b1101101,423.1144562
D7Rec:,Command110,0b1101110,427.1745878
D7Rec:,Command111,0b1101111,431.17232
D7Rec:,Command112,0b1110000,435.1693077
D7Rec:,Command113,0b1110001,439.1772816
D7Rec:,Command114,0b1110010,443.1712957
D7Rec:,Command115,0b1110011,447.1965141
D7Rec:,Command116,0b1110100,451.1826131
D7Rec:,Command117,0b1110101,455.1872375
D7Rec:,Command118,0b1110110,459.1854744
D7Rec:,Command119,0b1110111,463.2026381
D7Rec:,Command120,0b1111000,467.2106393
D7Rec:,Command121,0b1111001,471.1669754
D7Rec:,Command122,0b1111010,475.2132642
D7Rec:,Command123,0b1111011,479.2269136
D7Rec:,Command124,0b1111100,483.3029416
D7Rec:,Command125,0b1111101,487.3054708
D7Rec:,Command126,0b1111110,491.2849725
D7Rec:,Command127,0b1111111,495.3759247
D7Rec:,Command128,0b10000000,499.4056473
D7Rec:,Command129,0b10000001,503.2024548
D7Rec:,Command130,0b10000010,507.2102825
D7Rec:,Command131,0b10000011,511.1842341
D7Rec:,Command132,0b10000100,515.3062632
D7Rec:,Command133,0b10000101,519.1693546
D7Rec:,Command134,0b10000110,523.1652416
D7Rec:,Command135,0b10000111,527.323498
D7Rec:,Command136,0b10001000,531.1690723
D7Rec:,Command137,0b10001001,535.2757311
D7Rec:,Command138,0b10001010,539.3089976
D7Rec:,Command139,0b10001011,543.2589752
D7Rec:,Command140,0b10001100,547.3313764
D7Rec:,Command141,0b10001101,551.3134576
D7Rec:,Command142,0b10001110,555.2934846
D7Rec:,Command143,0b10001111,559.3374432
D7Rec:,Command144,0b10010000,563.3009912
D7Rec:,Command145,0b10010001,567.3113046
D7Rec:,Command146,0b10010010,571.3084328
D7Rec:,Command147,0b10010011,575.2125934
D7Rec:,Command148,0b10010100,579.3696258
D7Rec:,Command149,0b10010101,583.3847298
D7Rec:,Command150,0b10010110,587.4064837
D7Rec:,Command151,0b10010111,591.3091917
D7Rec:,Command152,0b10011000,595.3635041
D7Rec:,Command153,0b10011001,599.3761833
D7Rec:,Command154,0b10011010,603.3740739
D7Rec:,Command155,0b10011011,607.3753724
D7Rec:,Command156,0b10011100,611.3762044
D7Rec:,Command157,0b10011101,615.4041293
D7Rec:,Command158,0b10011110,619.3954728
D7Rec:,Command159,0b10011111,623.4129444
D7Rec:,Command160,0b10100000,627.3975609
D7Rec:,Command161,0b10100001,631.3992584
D7Rec:,Command162,0b10100010,635.3902776
D7Rec:,Command163,0b10100011,639.4500537
D7Rec:,Command164,0b10100100,643.4250213
D7Rec:,Command165,0b10100101,647.4262188
D7Rec:,Command166,0b10100110,651.4370921
D7Rec:,Command167,0b10100111,655.4560369
D7Rec:,Command168,0b10101000,659.4355247
D7Rec:,Command169,0b10101001,663.4392904
D7Rec:,Command170,0b10101010,667.4893377
D7Rec:,Command171,0b10101011,671.4499212
D7Rec:,Command172,0b10101100,675.4342237
D7Rec:,Command173,0b10101101,679.4628531
D7Rec:,Command174,0b10101110,683.4519051
D7Rec:,Command175,0b10101111,687.484825
D7Rec:,Command176,0b10110000,691.4776476
D7Rec:,Command177,0b10110001,695.4920476
D7Rec:,Command178,0b10110010,699.4852243
D7Rec:,Command179,0b10110011,703.5278317
D7Rec:,Command180,0b10110100,707.5021258
D7Rec:,Command181,0b10110101,711.4862775
D7Rec:,Command182,0b10110110,715.4849303
D7Rec:,Command183,0b10110111,719.509798
D7Rec:,Command184,0b10111000,723.5424896
D7Rec:,Command185,0b10111001,727.5202766
D7Rec:,Command186,0b10111010,731.5276334
D7Rec:,Command187,0b10111011,735.5532513
D7Rec:,Command188,0b10111100,739.5489416
D7Rec:,Command189,0b10111101,743.5463477
D7Rec:,Command190,0b10111110,747.5449476
D7Rec:,Command191,0b10111111,751.5623767
D7Rec:,Command192,0b11000000,755.4566146
D7Rec:,Command193,0b11000001,759.622056
D7Rec:,Command194,0b11000010,763.5594493
D7Rec:,Command195,0b11000011,767.594052
D7Rec:,Command196,0b11000100,771.5883491
D7Rec:,Command197,0b11000101,775.6027735
D7Rec:,Command198,0b11000110,779.5695107
D7Rec:,Command199,0b11000111,783.5763956
D7Rec:,Command200,0b11001000,787.5791776
D7Rec:,Command201,0b11001001,791.6148965
D7Rec:,Command202,0b11001010,795.5780924
D7Rec:,Command203,0b11001011,799.6110785
D7Rec:,Command204,0b11001100,803.6182111
D7Rec:,Command205,0b11001101,807.6588227
D7Rec:,Command206,0b11001110,811.6235756
D7Rec:,Command207,0b11001111,815.6488229
D7Rec:,Command208,0b11010000,819.6612272
D7Rec:,Command209,0b11010001,823.6452571
D7Rec:,Command210,0b11010010,827.5258761
D7Rec:,Command211,0b11010011,831.6455875
D7Rec:,Command212,0b11010100,835.6264679
D7Rec:,Command213,0b11010101,839.5260179
D7Rec:,Command214,0b11010110,843.658703
D7Rec:,Command215,0b11010111,847.6290071
D7Rec:,Command216,0b11011000,851.6962102
D7Rec:,Command217,0b11011001,855.7074418
D7Rec:,Command218,0b11011010,859.6653281
D7Rec:,Command219,0b11011011,863.7149065
D7Rec:,Command220,0b11011100,867.7032632
D7Rec:,Command221,0b11011101,871.7000975
D7Rec:,Command222,0b11011110,875.7031313
D7Rec:,Command223,0b11011111,879.6996269
D7Rec:,Command224,0b11100000,883.6998479
D7Rec:,Command225,0b11100001,887.7226604
D7Rec:,Command226,0b11100010,891.7460075
D7Rec:,Command227,0b11100011,895.7096509
D7Rec:,Command228,0b11100100,899.7189439
D7Rec:,Command229,0b11100101,903.7060259
D7Rec:,Command230,0b11100110,907.7590474
D7Rec:,Command231,0b11100111,911.763318
D7Rec:,Command232,0b11101000,915.7095681
D7Rec:,Command233,0b11101001,919.7524458
D7Rec:,Command234,0b11101010,923.7612733
D7Rec:,Command235,0b11101011,927.7807298
D7Rec:,Command236,0b11101100,931.7443765
D7Rec:,Command237,0b11101101,935.7569899
D7Rec:,Command238,0b11101110,939.7511306
D7Rec:,Command239,0b11101111,943.81595
D7Rec:,Command240,0b11110000,947.7559387
D7Rec:,Command241,0b11110001,951.7549645
D7Rec:,Command242,0b11110010,955.7884084
D7Rec:,Command243,0b11110011,959.7319702
D7Rec:,Command244,0b11110100,963.8002527
D7Rec:,Command245,0b11110101,967.8382916
D7Rec:,Command246,0b11110110,971.7750752
D7Rec:,Command247,0b11110111,975.7985634
D7Rec:,Command248,0b11111000,979.7573502
D7Rec:,Command249,0b11111001,983.8194569
D7Rec:,Command250,0b11111010,987.7036162
D7Rec:,Command251,0b11111011,991.8396253
D7Rec:,Command252,0b11111100,995.8396796
D7Rec:,Command253,0b11111101,999.8214896
D7Rec:,Command254,0b11111110,1003.717271
D7Rec:,Command255,0b11111111,1007.726691
D7Rec:,Command229,0b11100101,1033.495816
D7Rec:,Command229,0b11100101,1038.722691
D7Rec:,Command229,0b11100101,1046.718803
D7Rec:,Command0,0b0,1054.748789
D7Rec:,Command1,0b1,1058.637698
D7Rec:,Command2,0b10,1062.629078
D7Rec:,Command3,0b11,1066.580706
D7Rec:,Command4,0b100,1070.569917
D8Rec:,Command8,0b1000,6.4873598
D8Rec:,Command9,0b1001,10.2677786
D8Rec:,Command10,0b1010,14.27932
D8Rec:,Command11,0b1011,18.3337348
D8Rec:,Command12,0b1100,22.316039
D8Rec:,Command13,0b1101,26.3246057
D8Rec:,Command14,0b1110,30.2926046
D8Rec:,Command15,0b1111,34.2806905
D8Rec:,Command16,0b10000,38.3428627
D8Rec:,Command17,0b10001,42.3534772
D8Rec:,Command18,0b10010,46.3600815
D8Rec:,Command19,0b10011,50.3397211
D8Rec:,Command20,0b10100,54.337025
D8Rec:,Command21,0b10101,58.3414041
D8Rec:,Command22,0b10110,62.3801454
D8Rec:,Command23,0b10111,66.3505834
D8Rec:,Command24,0b11000,70.3498297
D8Rec:,Command25,0b11001,74.3826719
D8Rec:,Command26,0b11010,78.3713027
D8Rec:,Command27,0b11011,82.4097063
D8Rec:,Command28,0b11100,86.4043625
D8Rec:,Command29,0b11101,90.3923029
D8Rec:,Command30,0b11110,94.3991732
D8Rec:,Command31,0b11111,98.398362
D8Rec:,Command32,0b100000,102.392624
D8Rec:,Command33,0b100001,106.4175001
D8Rec:,Command34,0b100010,110.4165329
D8Rec:,Command35,0b100011,114.4713079
D8Rec:,Command36,0b100100,118.4488939
D8Rec:,Command37,0b100101,122.3871111
D8Rec:,Command38,0b100110,126.4281751
D8Rec:,Command39,0b100111,130.4207824
D8Rec:,Command40,0b101000,134.4787431
D8Rec:,Command41,0b101001,138.4366039
D8Rec:,Command42,0b101010,142.4180893
D8Rec:,Command43,0b101011,146.4624242
D8Rec:,Command44,0b101100,150.4565924
D8Rec:,Command45,0b101101,154.490664
D8Rec:,Command46,0b101110,158.4909491
D8Rec:,Command47,0b101111,162.4943498
D8Rec:,Command48,0b110000,166.5088609
D8Rec:,Command49,0b110001,170.4618241
D8Rec:,Command50,0b110010,174.4918643
D8Rec:,Command51,0b110011,178.463408
D8Rec:,Command52,0b110100,182.5029172
D8Rec:,Command53,0b110101,186.5064879
D8Rec:,Command54,0b110110,190.5089649
D8Rec:,Command55,0b110111,194.5109356
D8Rec:,Command56,0b111000,198.5137441
D8Rec:,Command57,0b111001,202.5181314
D8Rec:,Command58,0b111010,206.5249074
D8Rec:,Command59,0b111011,210.5217953
D8Rec:,Command60,0b111100,214.5262174
D8Rec:,Command61,0b111101,218.5281422
D8Rec:,Command62,0b111110,222.5791418
D8Rec:,Command63,0b111111,226.5378712
D8Rec:,Command64,0b1000000,230.6071547
D8Rec:,Command65,0b1000001,234.5477207
D8Rec:,Command66,0b1000010,238.5614533
D8Rec:,Command67,0b1000011,242.5881308
D8Rec:,Command68,0b1000100,246.6157104
D8Rec:,Command69,0b1000101,250.5528062
D8Rec:,Command70,0b1000110,254.5787055
D8Rec:,Command71,0b1000111,258.5844605
D8Rec:,Command72,0b1001000,262.5767888
D8Rec:,Command73,0b1001001,266.5932184
D8Rec:,Command74,0b1001010,270.5791065
D8Rec:,Command75,0b1001011,274.613006
D8Rec:,Command76,0b1001100,278.6035041
D8Rec:,Command77,0b1001101,282.5727631
D8Rec:,Command78,0b1001110,286.6224687
D8Rec:,Command79,0b1001111,290.5737987
D8Rec:,Command80,0b1010000,294.6324734
D8Rec:,Command81,0b1010001,298.635847
D8Rec:,Command82,0b1010010,302.6300804
D8Rec:,Command83,0b1010011,306.6462698
D8Rec:,Command84,0b1010100,310.6593206
D8Rec:,Command85,0b1010101,314.6180007
D8Rec:,Command86,0b1010110,318.6268149
D8Rec:,Command87,0b1010111,322.6737407
D8Rec:,Command88,0b1011000,326.696098
D8Rec:,Command89,0b1011001,330.6159502
D8Rec:,Command90,0b1011010,334.6868812
D8Rec:,Command91,0b1011011,338.7025288
D8Rec:,Command92,0b1011100,342.6785497
D8Rec:,Command93,0b1011101,346.7088432
D8Rec:,Command94,0b1011110,350.6727438
D8Rec:,Command95,0b1011111,354.6949633
D8Rec:,Command96,0b1100000,358.6765857
D8Rec:,Command97,0b1100001,362.70387
D8Rec:,Command98,0b1100010,366.7157732
D8Rec:,Command99,0b1100011,370.7561926
D8Rec:,Command100,0b1100100,374.697526
D8Rec:,Command101,0b1100101,378.7385729
D8Rec:,Command102,0b1100110,382.6960726
D8Rec:,Command103,0b1100111,386.7404652
D8Rec:,Command104,0b1101000,390.7426355
D8Rec:,Command105,0b1101001,394.7215238
D8Rec:,Command106,0b1101010,398.7430357
D8Rec:,Command107,0b1101011,402.7242302
D8Rec:,Command108,0b1101100,406.7852305
D8Rec:,Command109,0b1101101,410.7087186
D8Rec:,Command110,0b1101110,414.7546364
D8Rec:,Command111,0b1101111,418.718548
D8Rec:,Command112,0b1110000,422.7881025
D8Rec:,Command113,0b1110001,426.7496909
D8Rec:,Command114,0b1110010,430.8049737
D8Rec:,Command115,0b1110011,434.8126378
D8Rec:,Command116,0b1110100,438.7776401
D8Rec:,Command117,0b1110101,442.7952241
D8Rec:,Command118,0b1110110,446.7802281
D8Rec:,Command119,0b1110111,450.7820393
D8Rec:,Command120,0b1111000,454.8148473
D8Rec:,Command121,0b1111001,458.8363238
D8Rec:,Command122,0b1111010,462.8540986
D8Rec:,Command123,0b1111011,466.7662782
D8Rec:,Command124,0b1111100,470.8393284
D8Rec:,Command125,0b1111101,474.8380758
D8Rec:,Command126,0b1111110,478.8241354
D8Rec:,Command127,0b1111111,482.8717525
D8Rec:,Command128,0b10000000,486.8458615
D8Rec:,Command129,0b10000001,490.8388585
D8Rec:,Command130,0b10000010,494.8445377
D8Rec:,Command131,0b10000011,498.8755003
D8Rec:,Command132,0b10000100,502.8903506
D8Rec:,Command133,0b10000101,506.7766007
D8Rec:,Command134,0b10000110,510.8822731
D8Rec:,Command135,0b10000111,514.8860335
D8Rec:,Command136,0b10001000,518.8953445
D8Rec:,Command137,0b10001001,522.8400383
D8Rec:,Command138,0b10001010,526.7769238
D8Rec:,Command139,0b10001011,530.9117606
D8Rec:,Command140,0b10001100,534.8425205
D8Rec:,Command141,0b10001101,538.9039264
D8Rec:,Command142,0b10001110,542.9189827
D8Rec:,Command143,0b10001111,546.9828465
D8Rec:,Command144,0b10010000,550.9415782
D8Rec:,Command145,0b10010001,554.8908494
D8Rec:,Command146,0b10010010,558.8975268
D8Rec:,Command147,0b10010011,562.9098979
D8Rec:,Command148,0b10010100,566.9184754
D8Rec:,Command149,0b10010101,570.9628991
D8Rec:,Command150,0b10010110,574.9543663
D8Rec:,Command151,0b10010111,578.9123469
D8Rec:,Command152,0b10011000,582.9251353
D8Rec:,Command153,0b10011001,586.8773515
D8Rec:,Command154,0b10011010,591.014917
D8Rec:,Command155,0b10011011,594.9153037
D8Rec:,Command156,0b10011100,598.9856664
D8Rec:,Command157,0b10011101,603.0491862
D8Rec:,Command158,0b10011110,606.8904907
D8Rec:,Command159,0b10011111,610.9281648
D8Rec:,Command160,0b10100000,615.0330708
D8Rec:,Command161,0b10100001,619.0279294
D8Rec:,Command162,0b10100010,623.063219
D8Rec:,Command163,0b10100011,626.9338631
D8Rec:,Command164,0b10100100,631.0277133
D8Rec:,Command165,0b10100101,635.0408859
D8Rec:,Command166,0b10100110,638.9754453
D8Rec:,Command167,0b10100111,642.9503847
D8Rec:,Command168,0b10101000,647.0142395
D8Rec:,Command169,0b10101001,651.0089745
D8Rec:,Command170,0b10101010,654.9730397
D8Rec:,Command171,0b10101011,659.1003497
D8Rec:,Command172,0b10101100,663.0111544
D8Rec:,Command173,0b10101101,667.0327829
D8Rec:,Command174,0b10101110,671.1462423
D8Rec:,Command175,0b10101111,675.0475651
D8Rec:,Command176,0b10110000,679.053608
D8Rec:,Command177,0b10110001,683.0340782
D8Rec:,Command178,0b10110010,687.019003
D8Rec:,Command179,0b10110011,691.1818316
D8Rec:,Command180,0b10110100,695.0243416
D8Rec:,Command181,0b10110101,699.1440961
D8Rec:,Command182,0b10110110,703.2217556
D8Rec:,Command183,0b10110111,707.1530127
D8Rec:,Command184,0b10111000,711.1917467
D8Rec:,Command185,0b10111001,715.210564
D8Rec:,Command186,0b10111010,719.1615918
D8Rec:,Command187,0b10111011,723.1475091
D8Rec:,Command188,0b10111100,727.2537489
D8Rec:,Command189,0b10111101,731.2021988
D8Rec:,Command190,0b10111110,735.242041
D8Rec:,Command191,0b10111111,739.139081
D8Rec:,Command192,0b11000000,743.2403539
D8Rec:,Command193,0b11000001,747.2583316
D8Rec:,Command194,0b11000010,751.1342461
D8Rec:,Command195,0b11000011,755.1381734
D8Rec:,Command196,0b11000100,759.1748584
D8Rec:,Command197,0b11000101,763.278186
D8Rec:,Command198,0b11000110,767.290812
D8Rec:,Command199,0b11000111,771.1350638
D8Rec:,Command200,0b11001000,775.2767121
D8Rec:,Command201,0b11001001,779.2062487
D8Rec:,Command202,0b11001010,783.3429549
D8Rec:,Command203,0b11001011,787.180765
D8Rec:,Command204,0b11001100,791.2023944
